"lightgreen.gene_id","lightgreen.cpg_count","lightgreen.protein_id","lightgreen.chr","lightgreen.method","lightgreen.feature","lightgreen.start","lightgreen.end","lightgreen.score","lightgreen.strand","lightgreen.phase","lightgreen.CDS_ID","lightgreen.Parent","lightgreen.Description","lightgreen.GO.SLIM","lightgreen.Enzyme.Codes","lightgreen.Enzyme.Names","lightgreen.InterproScan.GO.ID"
"LOC111123220",34,"XP_022321114.1","NC_035782.1","Gnomon","CDS","33153700","33153855",".","+","0","cds15555","rna16940","integrator complex subunit 10-like","C:GO:0005634; C:GO:0032991; P:GO:0034641","","","GO:0016180;GO:0032039"
"LOC111123901",25,"XP_022322287.1","NC_035782.1","Gnomon","CDS","35612604","35613918",".","+","0","cds15659","rna17072","filamin A-interacting protein 1-like isoform X1","F:GO:0003674; P:GO:0007165","","","GO:0005515;GO:0007165"
"LOC111120694",NA,NA,NA,NA,NA,NA,NA,NA,NA,NA,NA,NA,NA,NA,NA,NA,NA
"LOC111125819",11,"XP_022325684.1","NC_035782.1","Gnomon","CDS","36819501","36819795",".","+","0","cds15789","rna17214","vang-like protein 2","C:GO:0005575; P:GO:0048856","","","GO:0007275;GO:0016021"
"LOC111125546",36,"XP_022325184.1","NC_035782.1","Gnomon","CDS","38158877","38158970",".","-","0","cds15956","rna17387","LOW QUALITY PROTEIN: nuclear pore complex protein Nup54-like","C:GO:0005635; C:GO:0032991","","","GO:0005643"
"LOC111125073",5,"XP_022324238.1","NC_035782.1","Gnomon","CDS","39242665","39242749",".","+","0","cds16119","rna17552","glycogen synthase kinase-3 beta-like","P:GO:0006464; F:GO:0016301; F:GO:0043167","","","GO:0004672;GO:0005524;GO:0006468"
"LOC111124768",25,"XP_022323651.1","NC_035782.1","Gnomon","CDS","40016482","40016628",".","+","0","cds16207","rna17646","protocadherin-11 X-linked-like","C:GO:0005886; P:GO:0007155; F:GO:0043167","","","GO:0005509;GO:0005886;GO:0007156"
"LOC111126559",12,"XP_022326993.1","NC_035782.1","Gnomon","CDS","43149731","43150036",".","+","0","cds16570","rna18036","heat shock 70 kDa protein 12B-like","","","",""
"LOC111109754",NA,"XP_022301694.1","NC_035780.1","Gnomon","CDS","2074329","2074402",".","+","0","cds179","rna187","LOW QUALITY PROTEIN: uncharacterized protein LOC111109754","GO:0005856;GO:0016757;GO:0032991;GO:0043167","EC:3.6.1.15","Nucleoside-triphosphate phosphatase","GO:0003774;GO:0005524;GO:0016459;GO:0016758"
"LOC111126298",30,"XP_022326528.1","NC_035782.1","Gnomon","CDS","51104557","51104767",".","+","0","cds17484","rna18992","uncharacterized protein LOC111126298","F:GO:0003674","","","GO:0003676"
"LOC111126457",NA,"XP_022326843.1","NC_035782.1","Gnomon","CDS","51524966","51525028",".","+","0","cds17548","rna19058","extracellular matrix protein FRAS1-like isoform X1","F:GO:0003674","","","GO:0005515"
"LOC111122662",NA,"XP_022320225.1","NC_035782.1","Gnomon","CDS","54197718","54197760",".","-","0","cds17927","rna19496","uncharacterized protein LOC111122662 isoform X1","","","",""
"LOC111126376",107,"XP_022326655.1","NC_035782.1","Gnomon","CDS","54671597","54671715",".","+","2","cds17974","rna19548","nephrin-like isoform X1","F:GO:0003674","","","GO:0005515"
"LOC111124754",NA,"XP_022323625.1","NC_035782.1","Gnomon","CDS","56391016","56391149",".","-","0","cds18175","rna19762","cysteine-rich hydrophobic domain-containing protein 2-like","","","",""
"LOC111123743",NA,"XP_022321992.1","NC_035782.1","Gnomon","CDS","56585576","56585649",".","+","0","cds18206","rna19793","uncharacterized protein LOC111123743 isoform X1","","","",""
"LOC111125199",49,"XP_022324448.1","NC_035782.1","Gnomon","CDS","60657861","60658032",".","+","0","cds18603","rna20215","uncharacterized protein LOC111125199","P:GO:0006399; F:GO:0008168","","","GO:0002098;GO:0016300"
"LOC111123885",30,"XP_022322241.1","NC_035782.1","Gnomon","CDS","60743450","60743465",".","-","0","cds18617","rna20229","heat shock 70 kDa protein 12A-like","","","",""
"LOC111127017",NA,"XP_022327705.1","NC_035782.1","Gnomon","CDS","63551654","63551716",".","-","0","cds18900","rna20551","toll-like receptor 13","F:GO:0003674; P:GO:0007165","","","GO:0005515;GO:0007165"
"LOC111126039",13,"XP_022326126.1","NC_035782.1","Gnomon","CDS","69496080","69496181",".","+","0","cds19542","rna21254","E3 ubiquitin-protein ligase SH3RF1-like isoform X1","F:GO:0003674","","","GO:0005515"
"LOC111126687",NA,"XP_022327207.1","NC_035782.1","Gnomon","CDS","71135252","71135367",".","-","0","cds19696","rna21413","WNT1-inducible-signaling pathway protein 1-like","F:GO:0003674; C:GO:0005615; C:GO:0032991; P:GO:0040007","","","GO:0001558;GO:0005520;GO:0016942"
"LOC111127170",NA,"XP_022327944.1","NC_035782.1","Gnomon","CDS","73377691","73377881",".","+","2","cds20007","rna21735","paired mesoderm homeobox protein 2-like","F:GO:0003677; P:GO:0009058; P:GO:0034641","","","GO:0006355;GO:0043565"
"LOC111131555",160,"XP_022334857.1","NC_035783.1","Gnomon","CDS","2302783","2302845",".","+","1","cds20496","rna22287","LOW QUALITY PROTEIN: unconventional myosin-IXb-like","GO:0005856;GO:0007165;GO:0030234;GO:0032991;GO:0043167","EC:3.6.1.15","Nucleoside-triphosphate phosphatase","GO:0003774;GO:0005096;GO:0005515;GO:0005524;GO:0016459;GO:0035556;GO:0043547"
"LOC111131431",NA,"XP_022334659.1","NC_035783.1","Gnomon","CDS","2963090","2963158",".","-","0","cds20548","rna22346","uncharacterized protein LOC111131431","","","",""
"LOC111130733",1,"XP_022333652.1","NC_035783.1","Gnomon","CDS","4492730","4492842",".","+","0","cds20697","rna22518","ceramide glucosyltransferase-like","F:GO:0016757","","","GO:0016757"
"LOC111130706",2,"XP_022333622.1","NC_035783.1","Gnomon","CDS","7723365","7724384",".","+","0","cds21071","rna22905","5-hydroxytryptamine receptor 1A-alpha-like","F:GO:0003674; C:GO:0005575; P:GO:0007165","","","GO:0004930;GO:0007186;GO:0016021"
"LOC111129901",NA,"XP_022332140.1","NC_035783.1","Gnomon","CDS","10287286","10287622",".","+","0","cds21337","rna23191","LOW QUALITY PROTEIN: ectonucleoside triphosphate diphosphohydrolase 5-like","F:GO:0003674","","","GO:0016787"
"LOC111127856",NA,"XP_022328851.1","NC_035783.1","Gnomon","CDS","14882328","14882488",".","-","0","cds21897","rna23774","CB1 cannabinoid receptor-interacting protein 1-like","","","",""
"LOC111129356",NA,"XP_022331400.1","NC_035783.1","Gnomon","CDS","15251353","15251401",".","+","0","cds21961","rna23842","ceramide kinase-like","GO:0016301;GO:0034641;GO:0044281;GO:0051186","EC:2.7.1.23","NAD(+) kinase","GO:0003951;GO:0006769;GO:0046497"
"LOC111131327",23,"XP_022334509.1","NC_035783.1","Gnomon","CDS","16871680","16871841",".","-","0","cds22125","rna24018","mitochondrial genome maintenance exonuclease 1-like","GO:0004518;GO:0006259;GO:0006950;GO:0007005;GO:0034655","EC:3.1.11; EC:3.1.15","Acting on ester bonds; Acting on ester bonds","GO:0006308;GO:0008297;GO:0043504"
"LOC111129967",205,"XP_022332234.1","NC_035783.1","Gnomon","CDS","18011349","18011595",".","+","1","cds22262","rna24161","ral GTPase-activating protein subunit alpha-1-like isoform X1","C:GO:0005634; P:GO:0007165; F:GO:0030234","","","GO:0005096;GO:0005634;GO:0043547;GO:0051056"
"LOC111131528",NA,"XP_022334825.1","NC_035783.1","Gnomon","CDS","18089701","18091554",".","-","0","cds22272","rna24172","protein fem-1 homolog CG6966-like","F:GO:0003674","","","GO:0005515"
"LOC111131101",NA,"XP_022334180.1","NC_035783.1","Gnomon","CDS","18854215","18854666",".","+","0","cds22342","rna24247","uncharacterized protein LOC111131101 isoform X1","","","",""
"LOC111131220",NA,"XP_022334352.1","NC_035783.1","Gnomon","CDS","19127704","19129059",".","+","0","cds22368","rna24273","orexin receptor type 2-like","F:GO:0003674; C:GO:0005575; P:GO:0007165","","","GO:0004930;GO:0007186;GO:0016021"
"LOC111129835",4,"XP_022332019.1","NC_035783.1","Gnomon","CDS","20030899","20030997",".","-","0","cds22511","rna24420","probable D-tyrosyl-tRNA(Tyr) deacylase 2","GO:0003674;GO:0005737","EC:3.1.1.96; EC:3.1.1.1","D-aminoacyl-tRNA deacylase; Carboxylesterase","GO:0005737;GO:0051499"
"LOC111130031",NA,"XP_022332348.1","NC_035783.1","Gnomon","CDS","20186071","20188056",".","-","0","cds22533","rna24444","inter-alpha-trypsin inhibitor heavy chain H4-like","","","",""
"LOC111128659",50,"XP_022330116.1","NC_035783.1","Gnomon","CDS","21612191","21612514",".","+","0","cds22715","rna24637","carnitine O-palmitoyltransferase 1%2C liver isoform-like","F:GO:0016746","","","GO:0016746"
"LOC111128155",NA,"XP_022329335.1","NC_035783.1","Gnomon","CDS","21977557","21977700",".","-","0","cds22748","rna24675","vesicular glutamate transporter 2.2-like","C:GO:0005575; P:GO:0055085","","","GO:0016021;GO:0055085"
"LOC111129811",NA,"XP_022331975.1","NC_035783.1","Gnomon","CDS","23474471","23474791",".","+","2","cds22869","rna24808","sulfotransferase family cytosolic 1B member 1-like","F:GO:0003674","","","GO:0008146"
"LOC111127967",NA,"XP_022329001.1","NC_035783.1","Gnomon","CDS","24937383","24937520",".","+","0","cds22982","rna24937","cartilage matrix protein-like isoform X1","","","",""
"LOC111131053",NA,"XP_022334092.1","NC_035783.1","Gnomon","CDS","25482489","25482572",".","-","0","cds23036","rna24996","sushi%2C von Willebrand factor type A%2C EGF and pentraxin domain-containing protein 1-like","F:GO:0043167","","","GO:0005509"
"LOC111131519",NA,"XP_022334809.1","NC_035783.1","Gnomon","CDS","28115099","28115319",".","-","0","cds23288","rna25258","uncharacterized protein LOC111131519","F:GO:0003674","","","GO:0019825;GO:0020037"
"LOC111129594",13,"XP_022331755.1","NC_035783.1","Gnomon","CDS","28653051","28653105",".","+","0","cds23353","rna25332","LOW QUALITY PROTEIN: protein rolling stone-like","","","",""
"LOC111129444",2,"XP_022331540.1","NC_035783.1","Gnomon","CDS","29467134","29467136",".","+","0","cds23460","rna25448","calmodulin isoform X1","F:GO:0043167","","","GO:0005509"
"LOC111130314",NA,"XP_022332921.1","NC_035783.1","Gnomon","CDS","31339421","31339502",".","+","0","cds23690","rna25707","macrophage mannose receptor 1-like isoform X1","","","",""
"LOC111128533",18,"XP_022329885.1","NC_035783.1","Gnomon","CDS","31920442","31920669",".","-","0","cds23769","rna25788","leucine-rich repeat serine/threonine-protein kinase 1-like isoform X1","P:GO:0006464; F:GO:0016301; F:GO:0043167","","","GO:0004672;GO:0005515;GO:0005524;GO:0006468"
"LOC111127886",NA,"XP_022328894.1","NC_035783.1","Gnomon","CDS","33723401","33723544",".","+","0","cds23930","rna25956","vesicular glutamate transporter 2.2-like","C:GO:0005575; P:GO:0055085","","","GO:0016021;GO:0055085"
"LOC111128156",9,"XP_022329336.1","NC_035783.1","Gnomon","CDS","34388184","34388324",".","-","0","cds24005","rna26037","WD repeat-containing protein 27-like","F:GO:0003674","","","GO:0005515"
"LOC111113356",4,"XP_022307288.1","NC_035780.1","Gnomon","CDS","24844831","24844948",".","-","0","cds2260","rna2532","uncharacterized protein LOC111113356","","","",""
"LOC111131819",NA,"XP_022335245.1","NC_035783.1","Gnomon","CDS","36312503","36312725",".","-","0","cds24263","rna26305","neural cell adhesion molecule 2-like","","","",""
"LOC111130996",NA,"XP_022334018.1","NC_035783.1","Gnomon","CDS","36937607","36939464",".","+","0","cds24335","rna26379","muscarinic acetylcholine receptor M3-like","F:GO:0003674; C:GO:0005886; P:GO:0006810; P:GO:0007165; P:GO:0007267; P:GO:0040011; P:GO:0050877","","","GO:0005887;GO:0007187;GO:0007268;GO:0016907;GO:0040012;GO:0046541;GO:0050890"
"LOC111129224",4,"XP_022331184.1","NC_035783.1","Gnomon","CDS","40073697","40073755",".","-","0","cds24605","rna26773","TALPID3 protein-like isoform X1","P:GO:0007165","","","GO:0007224"
"LOC111103288",25,"XP_022292182.1","NC_035780.1","Gnomon","CDS","2994304","2994765",".","-","0","cds246","rna257","LOW QUALITY PROTEIN: transmembrane protein 101-like","","","",""
"LOC111128679",25,"XP_022330145.1","NC_035783.1","Gnomon","CDS","41365537","41365567",".","-","0","cds24757","rna26941","phospholipid-transporting ATPase ID-like isoform X1","GO:0005575;GO:0006810;GO:0016887;GO:0043167","EC:3.6.1.3; EC:3.6.3.1; EC:3.6.1.15","Adenosinetriphosphatase; Phospholipid-translocating ATPase; Nucleoside-triphosphate phosphatase","GO:0000287;GO:0004012;GO:0005524;GO:0006812;GO:0015917;GO:0016021"
"LOC111128961",21,"XP_022330644.1","NC_035783.1","Gnomon","CDS","41670508","41670566",".","+","0","cds24815","rna26999","TALPID3 protein-like isoform X1","P:GO:0007165","","","GO:0007224"
"LOC111131726",NA,"XP_022335093.1","NC_035783.1","Gnomon","CDS","42858766","42858771",".","-","0","cds24926","rna27124","laccase domain-containing protein 1-like isoform X1","","","",""
"LOC111131676",NA,"XP_022335020.1","NC_035783.1","Gnomon","CDS","43316530","43316761",".","+","0","cds24956","rna27156","LOW QUALITY PROTEIN: allene oxide synthase-lipoxygenase protein-like","GO:0006520;GO:0006950;GO:0016491;GO:0034641;GO:0043167","EC:1.13.11; EC:1.11.1.7; EC:1.11.1.6","Acting on single donors with incorporation of molecular oxygen (oxygenases). The oxygen incorporated need not be derived from O(2); Peroxidase; Catalase","GO:0004096;GO:0005515;GO:0006568;GO:0006804;GO:0006979;GO:0015947;GO:0016702;GO:0020037;GO:0046872;GO:0055114"
"LOC111129020",NA,"XP_022330774.1","NC_035783.1","Gnomon","CDS","45482472","45482569",".","-","0","cds25105","rna27323","uncharacterized protein LOC111129020","","","",""
"LOC111130362",43,"XP_022333075.1","NC_035783.1","Gnomon","CDS","51046786","51046825",".","+","0","cds25443","rna27746","uncharacterized protein LOC111130362 isoform X1","P:GO:0006464; F:GO:0043167","","","GO:0004842;GO:0016567;GO:0046872"
"LOC111131594",9,"XP_022334908.1","NC_035783.1","Gnomon","CDS","51073187","51073315",".","-","2","cds25446","rna27749","uncharacterized protein LOC111131594 isoform X1","P:GO:0006464; F:GO:0043167","","","GO:0004842;GO:0016567;GO:0046872"
"LOC111131124",NA,"XP_022334209.1","NC_035783.1","Gnomon","CDS","51149131","51149237",".","+","1","cds25449","rna27755","E3 ubiquitin-protein ligase mind-bomb-like","GO:0006464;GO:0016757;GO:0043167","EC:2.4.2.30","NAD(+) ADP-ribosyltransferase","GO:0003950;GO:0004842;GO:0005515;GO:0008270;GO:0016567"
"LOC111129195",30,"XP_022331147.1","NC_035783.1","Gnomon","CDS","51573174","51573358",".","-","2","cds25495","rna27801","menin-like","C:GO:0005634","","","GO:0005634"
"LOC111127929",NA,"XP_022328968.1","NC_035783.1","Gnomon","CDS","52091575","52094511",".","-","0","cds25530","rna27837","ankyrin-1-like","F:GO:0003674","","","GO:0005515"
"LOC111131344",22,"XP_022334526.1","NC_035783.1","Gnomon","CDS","52246595","52246729",".","+","0","cds25550","rna27859","uncharacterized protein LOC111131344 isoform X1","","","",""
"LOC111128245",NA,"XP_022329475.1","NC_035783.1","Gnomon","CDS","52477677","52477715",".","-","0","cds25564","rna27873","ankyrin repeat and death domain-containing protein 1A-like isoform X1","F:GO:0003674; P:GO:0007165","","","GO:0005515;GO:0007165"
"LOC111129938",30,"XP_022332199.1","NC_035783.1","Gnomon","CDS","53519767","53519865",".","+","0","cds25690","rna28013","echinoderm microtubule-associated protein-like 6 isoform X1","F:GO:0003674","","","GO:0005515"
"LOC111133727",7,"XP_022338055.1","NC_035784.1","Gnomon","CDS","514035","514168",".","+","1","cds26385","rna28769","dnaJ homolog subfamily A member 2-like","P:GO:0006457; P:GO:0006950; F:GO:0043167; F:GO:0051082","","","GO:0005524;GO:0006457;GO:0009408;GO:0031072;GO:0051082"
"LOC111137686",NA,"XP_022344977.1","NC_035784.1","Gnomon","CDS","1902820","1902874",".","+","0","cds26551","rna28949","uncharacterized protein LOC111137686","F:GO:0003674; C:GO:0005576; P:GO:0008150","","","GO:0005576;GO:0006030;GO:0008061"
"LOC111136295",149,"XP_022342754.1","NC_035784.1","Gnomon","CDS","1991333","1996313",".","-","0","cds26567","rna28965","uncharacterized protein LOC111136295","F:GO:0003674","","","GO:0003676"
"LOC111137934",12,"XP_022345345.1","NC_035784.1","Gnomon","CDS","6255130","6255169",".","+","0","cds27055","rna29485","zinc finger protein 423-like isoform X1","F:GO:0003674","","","GO:0003676"
"LOC111136548",89,"XP_022343176.1","NC_035784.1","Gnomon","CDS","8417237","8417354",".","-","0","cds27289","rna29741","calcium-transporting ATPase sarcoplasmic/endoplasmic reticulum type-like isoform X1","GO:0005737;GO:0005783;GO:0016887;GO:0022857;GO:0043167","EC:3.6.1.3; EC:3.6.3.8; EC:3.6.1.15","Adenosinetriphosphatase; Calcium-transporting ATPase; Nucleoside-triphosphate phosphatase","GO:0005388;GO:0005524;GO:0016021;GO:0033017;GO:0070588"
"LOC111099152",NA,"XP_022286247.1","NC_035784.1","Gnomon","CDS","10385367","10385484",".","+","0","cds27496","rna29979","NADPH oxidoreductase A-like isoform X1","F:GO:0016491; F:GO:0043167","","","GO:0010181;GO:0016491;GO:0055114"
"LOC111137093",NA,NA,NA,NA,NA,NA,NA,NA,NA,NA,NA,NA,NA,NA,NA,NA,NA
"LOC111133023",4,"XP_022336763.1","NC_035784.1","Gnomon","CDS","13227862","13228055",".","+","0","cds27818","rna30343","lysosomal amino acid transporter 1 homolog isoform X1","","","",""
"LOC111133910",NA,"XP_022338351.1","NC_035784.1","Gnomon","CDS","14062640","14062760",".","-","0","cds27897","rna30434","uncharacterized protein LOC111133910","P:GO:0002376; P:GO:0006950; F:GO:0008289","","","GO:0001530;GO:0006955;GO:0050829"
"LOC111138177",NA,"XP_022345736.1","NC_035784.1","Gnomon","CDS","14843186","14844103",".","+","0","cds27951","rna30491","tripartite motif-containing protein 45-like","F:GO:0043167","","","GO:0008270"
"LOC111138343",NA,"XP_022345973.1","NC_035784.1","Gnomon","CDS","15068524","15068688",".","-","0","cds27966","rna30516","potassium voltage-gated channel protein Shaw-like isoform X1","C:GO:0005886; F:GO:0022857; C:GO:0032991; P:GO:0065003","","","GO:0005249;GO:0005515;GO:0006813;GO:0008076;GO:0051260;GO:0055085"
"LOC111136745",NA,"XP_022343548.1","NC_035780.1","Gnomon","CDS","28956655","28956796",".","+","0","cds2735","rna3026","sulfotransferase family cytosolic 1B member 1-like","F:GO:0003674","","","GO:0008146"
"LOC111137343",31,"XP_022344488.1","NC_035784.1","Gnomon","CDS","17244168","17244221",".","+","0","cds28168","rna30732","LOW QUALITY PROTEIN: E3 ubiquitin-protein ligase TRIM37-like","C:GO:0005622; P:GO:0006464; F:GO:0043167","","","GO:0005515;GO:0005622;GO:0008270;GO:0016567"
"LOC111133342",NA,"XP_022337359.1","NC_035784.1","Gnomon","CDS","21238929","21239694",".","-","0","cds28590","rna31189","CD209 antigen-like","","","",""
"LOC111133245",NA,"XP_022337154.1","NC_035784.1","Gnomon","CDS","27664305","27665274",".","-","0","cds29259","rna31924","LOW QUALITY PROTEIN: uncharacterized protein LOC111133245","F:GO:0003674; P:GO:0007165","","","GO:0005515;GO:0007165"
"LOC111136331",NA,NA,NA,NA,NA,NA,NA,NA,NA,NA,NA,NA,NA,NA,NA,NA,NA
"LOC111136635",11,"XP_022343333.1","NC_035784.1","Gnomon","CDS","29369829","29370044",".","+","0","cds29448","rna32133","LOW QUALITY PROTEIN: exosome complex exonuclease RRP44-like","F:GO:0003723; F:GO:0004518","","","GO:0003723;GO:0004540;GO:0051252"
"LOC111134503",NA,"XP_022339293.1","NC_035784.1","Gnomon","CDS","29652824","29652998",".","-","0","cds29474","rna32161","zinc finger CCCH-type antiviral protein 1-like isoform X1","","","",""
"LOC111134897",NA,"XP_022340138.1","NC_035784.1","Gnomon","CDS","30467330","30467411",".","+","0","cds29555","rna32259","uncharacterized protein LOC111134897","","","",""
"LOC111138443",3,"XP_022346116.1","NC_035784.1","Gnomon","CDS","30687346","30687502",".","+","0","cds29574","rna32280","carboxypeptidase D-like","GO:0008233;GO:0043167","EC:3.4.17","Acting on peptide bonds (peptidases)","GO:0004181;GO:0006508;GO:0008270"
"LOC111136403",NA,"XP_022342935.1","NC_035784.1","Gnomon","CDS","31796050","31796138",".","+","1","cds29684","rna32394","uncharacterized protein C01G6.5-like isoform X1","F:GO:0003674","","","GO:0005515"
"LOC111134195",NA,"XP_022338742.1","NC_035784.1","Gnomon","CDS","31913484","31914209",".","-","0","cds29698","rna32408","thyrotropin-releasing hormone receptor-like isoform X1","F:GO:0003674; C:GO:0005575; P:GO:0007165","","","GO:0004997;GO:0007187;GO:0016021"
"LOC111135792",28,"XP_022341869.1","NC_035784.1","Gnomon","CDS","32608243","32608394",".","+","0","cds29777","rna32490","protein broad-minded-like isoform X1","","","",""
"LOC111136079",10,"XP_022342382.1","NC_035784.1","Gnomon","CDS","34169498","34169599",".","+","0","cds29971","rna32694","E3 ubiquitin-protein ligase MIB1-like","GO:0006464;GO:0016757;GO:0043167","EC:2.4.2.30","NAD(+) ADP-ribosyltransferase","GO:0003950;GO:0004842;GO:0005515;GO:0008270;GO:0016567"
"LOC111133803",72,"XP_022338186.1","NC_035784.1","Gnomon","CDS","36522708","36523835",".","-","0","cds30276","rna33041","FMRFamide receptor-like","F:GO:0003674; C:GO:0005575; P:GO:0007165","","","GO:0004930;GO:0007186;GO:0016021"
"LOC111137927",NA,"XP_022345336.1","NC_035784.1","Gnomon","CDS","37198936","37199077",".","-","1","cds30358","rna33126","proline-serine-threonine phosphatase-interacting protein 2-like isoform X1","F:GO:0003674","","","GO:0005515"
"LOC111135176",38,"XP_022340712.1","NC_035784.1","Gnomon","CDS","37621387","37621461",".","+","0","cds30411","rna33179","arf-GAP with coiled-coil%2C ANK repeat and PH domain-containing protein 2-like isoform X1","F:GO:0030234","","","GO:0005096;GO:0005515"
"LOC111138383",NA,"XP_022346021.1","NC_035784.1","Gnomon","CDS","46449725","46450250",".","-","0","cds31442","rna34364","uncharacterized protein LOC111138383","F:GO:0003674","","","GO:0005515"
"LOC111138053",17,"XP_022345548.1","NC_035784.1","Gnomon","CDS","48793598","48793732",".","-","0","cds31598","rna34542","caspase-2-like","GO:0008219;GO:0008233","EC:3.4.22","Acting on peptide bonds (peptidases)","GO:0004197;GO:0006508;GO:0042981"
"LOC111132151",35,"XP_022335600.1","NC_035784.1","Gnomon","CDS","50503785","50503883",".","-","0","cds31731","rna34705","uncharacterized protein LOC111132151 isoform X1","","","",""
"LOC111135085",NA,"XP_022340516.1","NC_035784.1","Gnomon","CDS","51363925","51364089",".","-","0","cds31826","rna34804","troponin T%2C skeletal muscle-like isoform X1","","","",""
"LOC111138514",4,"XP_022346237.1","NC_035784.1","Gnomon","CDS","53266285","53266506",".","-","0","cds31998","rna34993","TLD domain-containing protein 1-like isoform X1","","","",""
"LOC111134319",15,"XP_022338945.1","NC_035784.1","Gnomon","CDS","55953286","55953632",".","+","0","cds32385","rna35390","T-box transcription factor TBX2-like isoform X1","F:GO:0003700; C:GO:0005634; P:GO:0009058; C:GO:0032991; P:GO:0034641","","","GO:0003700;GO:0005634;GO:0005667;GO:0006355;GO:0006355"
"LOC111136867",95,"XP_022343716.1","NC_035784.1","Gnomon","CDS","56008534","56008623",".","+","0","cds32388","rna35393","Fanconi anemia group J protein homolog isoform X1","GO:0003677;GO:0004386;GO:0005694;GO:0016887;GO:0034641;GO:0043167","EC:3.6.1.3; EC:3.6.1.15","Adenosinetriphosphatase; Nucleoside-triphosphate phosphatase","GO:0003677;GO:0004003;GO:0005524;GO:0005657;GO:0006139"
"LOC111136377",NA,"XP_022342888.1","NC_035784.1","Gnomon","CDS","56990192","56990396",".","-","0","cds32468","rna35481","E3 ubiquitin-protein ligase MIB2-like isoform X1","P:GO:0006464; F:GO:0043167","","","GO:0004842;GO:0005515;GO:0008270;GO:0016567"
"LOC111136090",6,"XP_022342400.1","NC_035784.1","Gnomon","CDS","57135167","57135305",".","+","0","cds32487","rna35500","cysteine desulfurase%2C mitochondrial-like","GO:0006790;GO:0022607;GO:0043167","EC:2.8.1.7","Cysteine desulfurase","GO:0030170;GO:0031071;GO:0044571"
"LOC111135140",NA,"XP_022340618.1","NC_035784.1","Gnomon","CDS","57584355","57584520",".","+","2","cds32534","rna35554","PR domain zinc finger protein 16-like isoform X1","F:GO:0003674; P:GO:0009058; P:GO:0034641","","","GO:0003676;GO:0005515;GO:0006355"
"LOC111136186",50,"XP_022342554.1","NC_035784.1","Gnomon","CDS","58505792","58505855",".","-","0","cds32634","rna35661","exocyst complex component 8-like isoform X1","C:GO:0005737; P:GO:0016192; C:GO:0032991","","","GO:0000145;GO:0006887"
"LOC111137506",NA,"XP_022344682.1","NC_035784.1","Gnomon","CDS","59981840","59981890",".","+","0","cds32810","rna35854","M-phase phosphoprotein 6-like","","","",""
"LOC111138141",55,"XP_022345686.1","NC_035784.1","Gnomon","CDS","60298389","60298599",".","-","0","cds32830","rna35876","E3 ubiquitin-protein ligase MIB2-like","F:GO:0003677; P:GO:0006464; P:GO:0009058; P:GO:0034641; F:GO:0043167","","","GO:0003677;GO:0004842;GO:0006355;GO:0008270;GO:0016567;GO:0046983"
"LOC111135820",56,"XP_022341905.1","NC_035784.1","Gnomon","CDS","60733922","60735025",".","+","0","cds32881","rna35930","cysteinyl leukotriene receptor 2-like","F:GO:0003674; C:GO:0005575; P:GO:0007165","","","GO:0004930;GO:0007186;GO:0016021"
"LOC111113524",NA,"XP_022307529.1","NC_035780.1","Gnomon","CDS","33985832","33986176",".","-","0","cds3225","rna3555","uncharacterized protein LOC111113524","","","",""
"LOC111137548",8,"XP_022344739.1","NC_035784.1","Gnomon","CDS","61226526","61226573",".","-","0","cds32938","rna35988","putative peptidyl-prolyl cis-trans isomerase","GO:0006457;GO:0006464;GO:0016853","EC:5.2.1.8","Peptidylprolyl isomerase","GO:0000413;GO:0003755;GO:0006457"
"LOC111134183",NA,"XP_022338729.1","NC_035784.1","Gnomon","CDS","63641304","63641648",".","-","0","cds33232","rna36324","uncharacterized protein LOC111134183","P:GO:0002376; F:GO:0003674; C:GO:0005575; P:GO:0007165","","","GO:0005164;GO:0006955;GO:0007165;GO:0016020"
"LOC111137277",NA,"XP_022344382.1","NC_035784.1","Gnomon","CDS","63935371","63935718",".","-","0","cds33260","rna36354","solute carrier family 22 member 4-like","C:GO:0005575; F:GO:0022857","","","GO:0016021;GO:0022857;GO:0055085"
"LOC111134762",NA,"XP_022339812.1","NC_035784.1","Gnomon","CDS","65109618","65110107",".","-","0","cds33367","rna36469","homeobox protein MSX-3-like","F:GO:0003677; P:GO:0009058; P:GO:0034641","","","GO:0006355;GO:0043565"
"LOC111135606",11,"XP_022341538.1","NC_035784.1","Gnomon","CDS","69618104","69618189",".","+","0","cds33973","rna37122","programmed cell death protein 10-like isoform X1","","","",""
"LOC111137997",12,"XP_022345449.1","NC_035784.1","Gnomon","CDS","70714704","70714737",".","+","0","cds34087","rna37240","protein argonaute 3-like","","","",""
"LOC111137171",NA,"XP_022344200.1","NC_035784.1","Gnomon","CDS","70943804","70944537",".","+","0","cds34115","rna37269","XK-related protein 6-like isoform X1","C:GO:0005575","","","GO:0016021"
"LOC111137155",1,"XP_022344178.1","NC_035784.1","Gnomon","CDS","71840889","71841750",".","+","0","cds34194","rna37371","zinc finger protein ZIC 4-like","F:GO:0003674","","","GO:0003676"
"LOC111132925",21,"XP_022336578.1","NC_035784.1","Gnomon","CDS","71888708","71889560",".","-","0","cds34196","rna37373","zinc finger protein ZIC 4-like","F:GO:0003674","","","GO:0003676"
"LOC111099119",NA,"XP_022286195.1","NC_035784.1","Gnomon","CDS","73308786","73309226",".","-","0","cds34354","rna37541","uncharacterized protein LOC111099119","F:GO:0003674","","","GO:0005515"
"LOC111137551",26,"XP_022344743.1","NC_035784.1","Gnomon","CDS","78627735","78629408",".","-","0","cds34756","rna37980","zinc finger E-box-binding homeobox 1-like isoform X1","F:GO:0003674","","","GO:0003676"
"LOC111133493",NA,"XP_022337651.1","NC_035784.1","Gnomon","CDS","80464423","80464511",".","+","0","cds34919","rna38167","uncharacterized protein LOC111133493","","","",""
"LOC111137443",NA,"XP_022344614.1","NC_035784.1","Gnomon","CDS","81497189","81497405",".","-","0","cds35020","rna38294","uncharacterized protein LOC111137443","F:GO:0043167","","","GO:0008270"
"LOC111133930",57,"XP_022338381.1","NC_035784.1","Gnomon","CDS","82747599","82747654",".","+","0","cds35134","rna38414","meiotic recombination protein REC8 homolog","F:GO:0003674; C:GO:0005694; P:GO:0007049; P:GO:0007059; C:GO:0032991; P:GO:0051276","","","GO:0005515;GO:0007062;GO:0008278"
"LOC111133683",NA,"XP_022337994.1","NC_035784.1","Gnomon","CDS","82851941","82852087",".","-","0","cds35151","rna38431","uncharacterized protein LOC111133683","","","",""
"LOC111133761",NA,"XP_022338108.1","NC_035784.1","Gnomon","CDS","83419615","83419681",".","+","0","cds35216","rna38505","tetraspanin-33-like isoform X1","C:GO:0005575","","","GO:0016021"
"LOC111134417",33,"XP_022339102.1","NC_035784.1","Gnomon","CDS","84975145","84975175",".","-","0","cds35322","rna38643","tumor necrosis factor alpha-induced protein 3-like isoform X1","F:GO:0003677; F:GO:0043167","","","GO:0003677;GO:0008270"
"LOC111135191",59,"XP_022340735.1","NC_035784.1","Gnomon","CDS","88274844","88276515",".","-","0","cds35566","rna38904","uncharacterized protein LOC111135191","","","",""
"LOC111101223",8,"XP_022289338.1","NC_035785.1","Gnomon","CDS","13085234","13085599",".","-","0","cds37381","rna40980","heat shock 70 kDa protein 12A-like","","","",""
"LOC111099769",NA,NA,NA,NA,NA,NA,NA,NA,NA,NA,NA,NA,NA,NA,NA,NA,NA
"LOC111101965",NA,"XP_022290328.1","NC_035785.1","Gnomon","CDS","16536423","16536614",".","+","2","cds37665","rna41312","uncharacterized protein LOC111101965","C:GO:0005575","","","GO:0016020"
"LOC111131917",25,"XP_022335352.1","NC_035780.1","Gnomon","CDS","39291365","39291379",".","+","0","cds3673","rna4054","serine/threonine-protein kinase 38-like isoform X1","GO:0006464;GO:0006520;GO:0016301;GO:0043167","EC:2.7.11","Transferring phosphorus-containing groups","GO:0004674;GO:0005524;GO:0006468;GO:0009069"
"LOC111100265",NA,"XP_022287663.1","NC_035785.1","Gnomon","CDS","23167557","23167606",".","-","0","cds38125","rna41884","V-type proton ATPase subunit E-like","GO:0006091;GO:0016887;GO:0022857;GO:0032991","EC:3.6.1.3; EC:3.6.1.15","Adenosinetriphosphatase; Nucleoside-triphosphate phosphatase","GO:0006119;GO:0015991;GO:0033178;GO:0046961;GO:1902600"
"LOC111102031",3,"XP_022290395.1","NC_035785.1","Gnomon","CDS","23370662","23372761",".","+","0","cds38140","rna41903","uncharacterized protein LOC111102031","F:GO:0003674; P:GO:0006259","","","GO:0003676;GO:0015074"
"LOC111099535",NA,"XP_022286555.1","NC_035785.1","Gnomon","CDS","25071748","25071804",".","+","0","cds38236","rna42011","uncharacterized protein LOC111099535","","","",""
"LOC111100984",9,"XP_022288882.1","NC_035785.1","Gnomon","CDS","27338461","27338503",".","-","0","cds38340","rna42150","uncharacterized protein LOC111100984 isoform X1","","","",""
"LOC111101139",19,"XP_022289186.1","NC_035780.1","Gnomon","CDS","4121447","4121506",".","-","0","cds383","rna408","uncharacterized protein LOC111101139 isoform X1","F:GO:0043167","","","GO:0003676;GO:0008270"
"LOC111100613",NA,"XP_022288379.1","NC_035785.1","Gnomon","CDS","31334934","31335080",".","-","0","cds38569","rna42416","ninjurin-1-like isoform X1","C:GO:0005575; P:GO:0006950; P:GO:0007155; P:GO:0040007; P:GO:0048856","","","GO:0007155;GO:0016021;GO:0042246"
"LOC111100618",NA,"XP_022288385.1","NC_035785.1","Gnomon","CDS","31344558","31344704",".","-","0","cds38573","rna42420","ninjurin-1-like","C:GO:0005575; P:GO:0006950; P:GO:0007155; P:GO:0040007; P:GO:0048856","","","GO:0007155;GO:0016021;GO:0042246"
"LOC111100586",2,"XP_022288338.1","NC_035785.1","Gnomon","CDS","31453831","31453984",".","+","0","cds38588","rna42435","uncharacterized protein LOC111100586 isoform X1","F:GO:0016757","","","GO:0016758"
"LOC111101319",NA,"XP_022289473.1","NC_035785.1","Gnomon","CDS","32132601","32132701",".","+","0","cds38668","rna42518","uncharacterized protein LOC111101319","","","",""
"LOC111099735",4,"XP_022286867.1","NC_035785.1","Gnomon","CDS","32324869","32324904",".","+","0","cds38682","rna42532","protrudin-like","F:GO:0043167","","","GO:0046872"
"LOC111101493",NA,"XP_022289720.1","NC_035785.1","Gnomon","CDS","35539930","35540346",".","-","0","cds39000","rna42882","uncharacterized protein LOC111101493","P:GO:0002376; F:GO:0003674; C:GO:0005575; P:GO:0007165","","","GO:0005164;GO:0006955;GO:0007165;GO:0016020"
"LOC111101036",97,"XP_022288978.1","NC_035785.1","Gnomon","CDS","36239107","36239121",".","-","0","cds39081","rna42970","alpha-adducin-like isoform X1","","","",""
"LOC111101316",NA,"XP_022289471.1","NC_035785.1","Gnomon","CDS","36510937","36511175",".","-","2","cds39120","rna43009","uncharacterized protein LOC111101316","F:GO:0003674","","","GO:0005515"
"LOC111101605",37,"XP_022289849.1","NC_035785.1","Gnomon","CDS","36949747","36949882",".","-","1","cds39173","rna43062","putative aminopeptidase W07G4.4","GO:0005737;GO:0008233;GO:0043167","EC:3.4.11","Acting on peptide bonds (peptidases)","GO:0004177;GO:0005737;GO:0006508;GO:0008235;GO:0030145"
"LOC111099846",4,"XP_022287018.1","NC_035785.1","Gnomon","CDS","37739011","37739352",".","+","0","cds39276","rna43174","E3 ubiquitin-protein ligase DTX3L-like","P:GO:0006464; P:GO:0007165","","","GO:0007219;GO:0016567"
"LOC111099818",NA,"XP_022286990.1","NC_035785.1","Gnomon","CDS","39098689","39100032",".","+","0","cds39361","rna43278","cholecystokinin receptor type A-like","F:GO:0003674; C:GO:0005575; P:GO:0007165","","","GO:0004930;GO:0007186;GO:0016021"
"LOC111100101",14,"XP_022287423.1","NC_035785.1","Gnomon","CDS","39446094","39446447",".","-","0","cds39376","rna43295","forkhead box protein O-like","F:GO:0003677; F:GO:0003700; C:GO:0005622; P:GO:0009058; C:GO:0032991; P:GO:0034641","","","GO:0003700;GO:0005667;GO:0006355;GO:0006355;GO:0043565"
"LOC111122247",NA,"XP_022319605.1","NC_035780.1","Gnomon","CDS","43251834","43252307",".","-","0","cds3911","rna4329","uncharacterized protein LOC111122247","F:GO:0003674","","","GO:0005515"
"LOC111102406",NA,"XP_022290822.1","NC_035786.1","Gnomon","CDS","22793791","22793965",".","+","0","cds41808","rna46301","uncharacterized protein LOC111102406","","","",""
"LOC111104804",NA,"XP_022294653.1","NC_035786.1","Gnomon","CDS","26340110","26340149",".","+","0","cds42009","rna46557","uncharacterized protein LOC111104804","","","",""
"LOC111117672",153,"XP_022312581.1","NC_035780.1","Gnomon","CDS","409067","409156",".","-","0","cds35","rna37","LOW QUALITY PROTEIN: Niemann-Pick C1 protein-like","F:GO:0003674; C:GO:0005575; P:GO:0006810","","","GO:0005319;GO:0006869;GO:0016021"
"LOC111103422",10,"XP_022292411.1","NC_035786.1","Gnomon","CDS","31583099","31583140",".","-","0","cds42452","rna47042","cleavage stimulation factor subunit 3-like","F:GO:0003674; C:GO:0005634; P:GO:0006397","","","GO:0005515;GO:0005634;GO:0006397"
"LOC111104230",NA,"XP_022293781.1","NC_035786.1","Gnomon","CDS","32298688","32298799",".","-","0","cds42519","rna47120","E3 ubiquitin-protein ligase XIAP-like","","","",""
"LOC111103852",NA,"XP_022293115.1","NC_035786.1","Gnomon","CDS","35289842","35290076",".","-","0","cds42800","rna47425","uncharacterized protein LOC111103852","","","",""
"LOC111104274",NA,"XP_022293839.1","NC_035786.1","Gnomon","CDS","40522729","40522876",".","-","0","cds43214","rna47876","uncharacterized protein LOC111104274","","","",""
"LOC111104125",1,"XP_022293615.1","NC_035786.1","Gnomon","CDS","42110115","42110479",".","-","0","cds43319","rna47990","uncharacterized protein LOC111104125","F:GO:0003674","","","GO:0005515"
"LOC111103891",24,"XP_022293185.1","NC_035786.1","Gnomon","CDS","42485558","42485655",".","+","2","cds43381","rna48054","5'-nucleotidase domain-containing protein 1-like","","","",""
"LOC111103057",NA,"XP_022291764.1","NC_035786.1","Gnomon","CDS","45936013","45936450",".","-","0","cds43655","rna48351","uncharacterized protein LOC111103057","","","",""
"LOC111103455",3,"XP_022292448.1","NC_035786.1","Gnomon","CDS","48626355","48626503",".","-","2","cds44021","rna48738","uncharacterized protein LOC111103455","","","",""
"LOC111105213",19,"XP_022295089.1","NC_035786.1","Gnomon","CDS","57655264","57657876",".","+","0","cds44740","rna49536","uncharacterized protein LOC111105213","GO:0004386;GO:0005694;GO:0006259;GO:0006950;GO:0042592;GO:0051276","EC:3.6.1.15","Nucleoside-triphosphate phosphatase","GO:0000723;GO:0003678;GO:0005657;GO:0006281"
"LOC111106168",NA,"XP_022296430.1","NC_035787.1","Gnomon","CDS","1232848","1233069",".","+","0","cds44861","rna49663","uncharacterized protein LOC111106168","P:GO:0006464; F:GO:0016301; F:GO:0043167","","","GO:0004672;GO:0005524;GO:0006468"
"LOC111109592",41,"XP_022301487.1","NC_035787.1","Gnomon","CDS","6586338","6586421",".","+","0","cds45239","rna50075","glutarate-semialdehyde dehydrogenase DavD-like isoform X1","GO:0006520;GO:0009056;GO:0016491","EC:1.2.1.16","Succinate-semialdehyde dehydrogenase (NAD(P)(+))","GO:0006570;GO:0009013;GO:0009450;GO:0055114"
"LOC111108241",7,"XP_022299699.1","NC_035787.1","Gnomon","CDS","11900914","11900987",".","-","0","cds45693","rna50582","copine-8-like","","","",""
"LOC111107711",NA,"XP_022298740.1","NC_035787.1","Gnomon","CDS","12337168","12338826",".","+","0","cds45750","rna50643","uncharacterized protein LOC111107711","F:GO:0043167","","","GO:0008270"
"LOC111106670",NA,"XP_022297152.1","NC_035787.1","Gnomon","CDS","16319118","16319303",".","+","0","cds46126","rna51043","plexin-A2-like isoform X1","F:GO:0003674; P:GO:0007165","","","GO:0005515;GO:0017154;GO:0071526"
"LOC111110554",22,"XP_022302809.1","NC_035787.1","Gnomon","CDS","21304180","21304207",".","-","0","cds46635","rna51611","inhibitor of growth protein 3-like isoform X1","C:GO:0000228; C:GO:0005654; C:GO:0032991","","","GO:0000812;GO:0035267"
"LOC111108006",35,"XP_022299187.1","NC_035787.1","Gnomon","CDS","22876093","22876148",".","+","0","cds46788","rna51810","kelch-like protein 15","F:GO:0003674","","","GO:0005515"
"LOC111109750",NA,"XP_022301685.1","NC_035787.1","Gnomon","CDS","23464072","23464096",".","+","0","cds46826","rna51853","twinfilin-1-like isoform X1","C:GO:0005622; P:GO:0007010; F:GO:0008092; P:GO:0065003","","","GO:0003779;GO:0005622;GO:0030837"
"LOC111110053",NA,"XP_022302094.1","NC_035787.1","Gnomon","CDS","26252134","26252261",".","-","2","cds47045","rna52093","twinfilin-1-like isoform X1","C:GO:0005622; P:GO:0007010; F:GO:0008092; P:GO:0065003","","","GO:0003779;GO:0005622;GO:0030837"
"LOC111107297",NA,"XP_022298148.1","NC_035787.1","Gnomon","CDS","28373097","28373190",".","-","0","cds47194","rna52286","uncharacterized protein LOC111107297 isoform X1","","","",""
"LOC111106576",98,"XP_022297009.1","NC_035787.1","Gnomon","CDS","28871840","28871906",".","-","0","cds47276","rna52380","E3 ubiquitin-protein ligase RNF123-like isoform X1","F:GO:0003674","","","GO:0005515"
"LOC111106298",NA,"XP_022296622.1","NC_035787.1","Gnomon","CDS","31338332","31338526",".","+","0","cds47487","rna52603","glutathione S-transferase Mu 3-like","GO:0006790;GO:0016765;GO:0034641;GO:0051186","EC:2.5.1.18","Glutathione transferase","GO:0004364;GO:0005515;GO:0006749;GO:0006803"
"LOC111108134",NA,NA,NA,NA,NA,NA,NA,NA,NA,NA,NA,NA,NA,NA,NA,NA,NA
"LOC111107182",19,"XP_022297936.1","NC_035787.1","Gnomon","CDS","39177726","39177862",".","-","1","cds48193","rna53351","HMG box-containing protein 1-like","F:GO:0003723; P:GO:0009058; P:GO:0034641","","","GO:0003723;GO:0005515;GO:0006355"
"LOC111108580",NA,NA,NA,NA,NA,NA,NA,NA,NA,NA,NA,NA,NA,NA,NA,NA,NA
"LOC111108080",59,"XP_022299306.1","NC_035787.1","Gnomon","CDS","44600813","44600909",".","+","1","cds48645","rna53883","serine/threonine-protein kinase Nek2-like isoform X1","P:GO:0006464; F:GO:0016301; F:GO:0043167","","","GO:0004672;GO:0005524;GO:0006468"
"LOC111109103",NA,"XP_022300899.1","NC_035787.1","Gnomon","CDS","46050221","46050294",".","-","0","cds48781","rna54029","uncharacterized protein LOC111109103","","","",""
"LOC111134930",NA,"XP_022340226.1","NC_035780.1","Gnomon","CDS","53479853","53480531",".","+","0","cds4794","rna5317","zinc finger CCCH-type antiviral protein 1-like","F:GO:0043167","","","GO:0046872"
"LOC111108626",61,"XP_022300328.1","NC_035787.1","Gnomon","CDS","55667755","55667831",".","+","2","cds49718","rna55068","integrator complex subunit 13-like isoform X1","","","",""
"LOC111109482",NA,NA,NA,NA,NA,NA,NA,NA,NA,NA,NA,NA,NA,NA,NA,NA,NA
"LOC111109298",NA,"XP_022301087.1","NC_035787.1","Gnomon","CDS","65293112","65293156",".","+","0","cds50504","rna55948","LOW QUALITY PROTEIN: protocadherin Fat 4-like","C:GO:0005886; P:GO:0007155; F:GO:0043167","","","GO:0005509;GO:0005886;GO:0007156"
"LOC111107757",54,"XP_022298807.1","NC_035787.1","Gnomon","CDS","70584800","70584860",".","-","0","cds50958","rna56450","neuroglian-like isoform X1","F:GO:0003674","","","GO:0005515"
"LOC111110296",NA,"XP_022302429.1","NC_035787.1","Gnomon","CDS","73412357","73412359",".","-","0","cds51182","rna56695","uncharacterized protein LOC111110296 isoform X1","","","",""
"LOC111108147",NA,"XP_022299467.1","NC_035787.1","Gnomon","CDS","73692093","73692212",".","-","0","cds51191","rna56710","uncharacterized protein LOC111108147 isoform X1","F:GO:0003674; P:GO:0007165","","","GO:0007166;GO:0030368"
"LOC111114820",6,"XP_022309008.1","NC_035788.1","Gnomon","CDS","1831858","1831900",".","+","1","cds51478","rna57039","SWI/SNF-related matrix-associated actin-dependent regulator of chromatin subfamily D member 1-like isoform X1","C:GO:0000228; F:GO:0003674; C:GO:0032991","","","GO:0005515;GO:0016514;GO:0071564;GO:0071565"
"LOC111127416",28,"XP_022328298.1","NC_035780.1","Gnomon","CDS","6107159","6107308",".","+","0","cds525","rna566","myotubularin-related protein 9-like","","","",""
"LOC111111610",NA,"XP_022304396.1","NC_035788.1","Gnomon","CDS","4903520","4903727",".","+","0","cds51702","rna57292","perlucin-like protein","","","",""
"LOC111136563",4,"XP_022343216.1","NC_035780.1","Gnomon","CDS","56228672","56228749",".","+","0","cds5132","rna5694","translin-like","F:GO:0003677; F:GO:0003723; P:GO:0034641","","","GO:0003697;GO:0003723;GO:0016070;GO:0043565"
"LOC111127488",4,"XP_022328397.1","NC_035780.1","Gnomon","CDS","56392168","56392473",".","-","0","cds5153","rna5716","E3 ubiquitin-protein ligase RFWD3-like isoform X1","F:GO:0003674; C:GO:0005634; P:GO:0006259; P:GO:0006464; P:GO:0006950","","","GO:0004842;GO:0005515;GO:0005634;GO:0016567;GO:0036297"
"LOC111127574",NA,"XP_022328509.1","NC_035780.1","Gnomon","CDS","56399157","56399294",".","+","0","cds5155","rna5718","TBC1 domain family member 7-like","","","",""
"LOC111128593",25,"XP_022330020.1","NC_035780.1","Gnomon","CDS","56923583","56923697",".","-","0","cds5208","rna5781","N-chimaerin-like isoform X1","P:GO:0007165","","","GO:0035556"
"LOC111115937",27,"XP_022310569.1","NC_035788.1","Gnomon","CDS","32166599","32166647",".","-","0","cds53446","rna59308","uncharacterized protein LOC111115937","F:GO:0003674","","","GO:0003824;GO:0050662"
"LOC111115005",33,"XP_022309279.1","NC_035788.1","Gnomon","CDS","38928494","38929567",".","+","0","cds53873","rna59827","galactoside 2-alpha-L-fucosyltransferase 1-like","GO:0005575;GO:0005975;GO:0006629;GO:0009058;GO:0016757","EC:2.4.1.69","Type 1 galactoside alpha-(1,2)-fucosyltransferase","GO:0001575;GO:0005975;GO:0008107;GO:0009247;GO:0016020"
"LOC111113186",NA,"XP_022306978.1","NC_035788.1","Gnomon","CDS","46338416","46338640",".","+","2","cds54298","rna60350","multiple epidermal growth factor-like domains protein 10 isoform X1","F:GO:0003674; C:GO:0005575; P:GO:0007165; P:GO:0016192","","","GO:0005044;GO:0006898;GO:0007165;GO:0016021"
"LOC111115770",NA,"XP_022310319.1","NC_035788.1","Gnomon","CDS","51447919","51448101",".","+","0","cds54605","rna60710","arrestin domain-containing protein 3-like","","","",""
"LOC111113386",126,"XP_022307336.1","NC_035788.1","Gnomon","CDS","53099878","53100044",".","+","1","cds54739","rna60858","probable N-acetylgalactosaminyltransferase 9 isoform X1","","","",""
"LOC111113982",NA,"XP_022307980.1","NC_035788.1","Gnomon","CDS","57320433","57320735",".","-","0","cds55048","rna61210","uncharacterized protein LOC111113982","GO:0005575;GO:0016491;GO:0043167","EC:1.1.3.37","D-arabinono-1,4-lactone oxidase","GO:0003885;GO:0016020;GO:0055114;GO:0071949"
"LOC111114829",5,"XP_022309029.1","NC_035788.1","Gnomon","CDS","57326731","57326772",".","-","1","cds55049","rna61211","ribonuclease P protein subunit p25-like protein","F:GO:0003674","","","GO:0003676"
"LOC111112161",NA,"XP_022305241.1","NC_035788.1","Gnomon","CDS","58274431","58274532",".","+","2","cds55126","rna61302","tripartite motif-containing protein 45-like","F:GO:0043167","","","GO:0008270"
"LOC111114537",28,"XP_022308591.1","NC_035788.1","Gnomon","CDS","59177205","59177344",".","+","0","cds55185","rna61385","sperm-associated antigen 1-like","F:GO:0003674","","","GO:0005515"
"LOC111114547",61,"XP_022308602.1","NC_035788.1","Gnomon","CDS","59351119","59351446",".","-","0","cds55202","rna61403","polypeptide N-acetylgalactosaminyltransferase 11-like","","","",""
"LOC111115365",11,"XP_022309783.1","NC_035788.1","Gnomon","CDS","62049072","62049475",".","-","1","cds55366","rna61583","male-specific lethal 1 homolog","C:GO:0005654; P:GO:0006464; C:GO:0032991; P:GO:0051276","","","GO:0043984;GO:0072487"
"LOC111112490",213,"XP_022305713.1","NC_035788.1","Gnomon","CDS","64460494","64461186",".","-","0","cds55555","rna61798","coiled-coil domain-containing protein CG32809-like isoform X1","","","",""
"LOC111116042",33,"XP_022310717.1","NC_035788.1","Gnomon","CDS","67830212","67830394",".","+","0","cds55792","rna62051","uncharacterized protein ZC84.1-like isoform X1","","","",""
"LOC111110780",102,"XP_022303098.1","NC_035788.1","Gnomon","CDS","70212210","70212425",".","+","0","cds56002","rna62270","PAB-dependent poly(A)-specific ribonuclease subunit PAN2-like","GO:0004518;GO:0005737;GO:0006397;GO:0032991;GO:0034655","EC:3.1.13; EC:3.1.15; EC:3.1.13.4","Acting on ester bonds; Acting on ester bonds; Poly(A)-specific ribonuclease","GO:0000289;GO:0003676;GO:0004535;GO:0005515;GO:0006397;GO:0031251;GO:0051252"
"LOC111115612",15,"XP_022310114.1","NC_035788.1","Gnomon","CDS","72629548","72629689",".","-","0","cds56209","rna62496","formin-like protein CG32138 isoform X1","P:GO:0000902; P:GO:0007010; F:GO:0008092; F:GO:0019899","","","GO:0003779;GO:0008360;GO:0017048;GO:0030036"
"LOC111108365",NA,NA,NA,NA,NA,NA,NA,NA,NA,NA,NA,NA,NA,NA,NA,NA,NA
"LOC111115956",NA,"XP_022310592.1","NC_035788.1","Gnomon","CDS","84824518","84824605",".","-","0","cds57036","rna63479","uncharacterized protein LOC111115956","","","",""
"LOC111111712",1,"XP_022304553.1","NC_035788.1","Gnomon","CDS","89564800","89564988",".","+","2","cds57414","rna63892","uncharacterized protein LOC111111712 isoform X1","F:GO:0016491","","","GO:0016491;GO:0055114"
"LOC111117430",NA,"XP_022312262.1","NC_035789.1","Gnomon","CDS","3646329","3646916",".","+","0","cds58643","rna65328","uncharacterized protein LOC111117430","","","",""
"LOC111117175",69,"XP_022311963.1","NC_035789.1","Gnomon","CDS","10649891","10649979",".","+","0","cds59176","rna65948","uncharacterized protein LOC111117175","F:GO:0003677; F:GO:0003700; C:GO:0005622; P:GO:0009058; C:GO:0032991; P:GO:0034641","","","GO:0003677;GO:0003700;GO:0005667;GO:0006355;GO:0006355"
"LOC111117334",NA,NA,NA,NA,NA,NA,NA,NA,NA,NA,NA,NA,NA,NA,NA,NA,NA
"LOC111122211",NA,NA,NA,NA,NA,NA,NA,NA,NA,NA,NA,NA,NA,NA,NA,NA,NA
"LOC111119407",17,"XP_022315255.1","NC_035781.1","Gnomon","CDS","3113049","3113122",".","-","0","cds6385","rna7052","LOW QUALITY PROTEIN: coiled-coil domain-containing protein 57-like","","","",""
"LOC111117964",63,"XP_022312921.1","NC_035781.1","Gnomon","CDS","3863386","3863460",".","+","1","cds6485","rna7153","plasminogen activator inhibitor 1 RNA-binding protein-like isoform X1","F:GO:0003723","","","GO:0003723"
"LOC111119219",NA,NA,NA,NA,NA,NA,NA,NA,NA,NA,NA,NA,NA,NA,NA,NA,NA
"LOC111121335",19,"XP_022318274.1","NC_035781.1","Gnomon","CDS","5407456","5409262",".","-","0","cds6662","rna7340","LOW QUALITY PROTEIN: heat shock protein 70 B2-like","","","",""
"LOC111100578",15,"XP_022288313.1","NC_035780.1","Gnomon","CDS","7610997","7611290",".","-","0","cds659","rna711","LOW QUALITY PROTEIN: uncharacterized protein LOC111100578","GO:0003723;GO:0016810;GO:0034641","EC:3.5.4.4","Adenosine deaminase","GO:0003723;GO:0003726;GO:0006396"
"LOC111120767",NA,"XP_022317435.1","NC_035781.1","Gnomon","CDS","6674977","6675018",".","+","0","cds6765","rna7447","uncharacterized protein LOC111120767","","","",""
"LOC111118398",NA,"XP_022313556.1","NC_035781.1","Gnomon","CDS","6878736","6879201",".","+","0","cds6781","rna7463","bone morphogenetic protein 10-like","F:GO:0003674; P:GO:0007165; P:GO:0008283; P:GO:0040007","","","GO:0007165;GO:0008083;GO:0008283;GO:0040007"
"LOC111119296",NA,NA,NA,NA,NA,NA,NA,NA,NA,NA,NA,NA,NA,NA,NA,NA,NA
"LOC111121296",111,"XP_022318208.1","NC_035781.1","Gnomon","CDS","7432427","7432556",".","+","0","cds6833","rna7517","uncharacterized protein LOC111121296 isoform X1","F:GO:0003677; F:GO:0003700; C:GO:0005634; P:GO:0007165; P:GO:0009058; C:GO:0032991; P:GO:0034641; F:GO:0043167","","","GO:0003700;GO:0003707;GO:0005634;GO:0005667;GO:0006355;GO:0006355;GO:0007165;GO:0008270;GO:0043565"
"LOC111120875",NA,"XP_022317599.1","NC_035781.1","Gnomon","CDS","7856343","7857101",".","-","0","cds6896","rna7586","prostaglandin E2 receptor EP4 subtype-like","F:GO:0003674; C:GO:0005575; P:GO:0007165","","","GO:0004930;GO:0007186;GO:0016021"
"LOC111121271",NA,"XP_022318169.1","NC_035781.1","Gnomon","CDS","7859486","7860244",".","-","0","cds6897","rna7587","prostaglandin E2 receptor EP4 subtype-like","F:GO:0003674; C:GO:0005575; P:GO:0007165","","","GO:0004930;GO:0007186;GO:0016021"
"LOC111119248",87,"XP_022314945.1","NC_035781.1","Gnomon","CDS","8708624","8708702",".","+","2","cds6992","rna7687","regulator of telomere elongation helicase 1-like","GO:0003677;GO:0004386;GO:0005634;GO:0005694;GO:0006259;GO:0006950;GO:0009058;GO:0016887;GO:0042592;GO:0043167;GO:0051276","EC:3.6.1.3; EC:3.6.1.15","Adenosinetriphosphatase; Nucleoside-triphosphate phosphatase","GO:0000723;GO:0003677;GO:0004003;GO:0005524;GO:0005634;GO:0005657;GO:0006260;GO:0006281;GO:0006310"
"LOC111117934",NA,"XP_022312884.1","NC_035781.1","Gnomon","CDS","8932214","8932472",".","-","0","cds7016","rna7715","uncharacterized protein LOC111117934","","","",""
"LOC111121398",4,"XP_022318379.1","NC_035781.1","Gnomon","CDS","12402035","12402085",".","-","0","cds7479","rna8195","H(+)/Cl(-) exchange transporter 7-like","C:GO:0005575; F:GO:0022857","","","GO:0005247;GO:0006821;GO:0016020;GO:0055085"
"LOC111118435",1,"XP_022313622.1","NC_035781.1","Gnomon","CDS","13230099","13230133",".","-","0","cds7568","rna8295","LOW QUALITY PROTEIN: ras-related C3 botulinum toxin substrate 1-like","GO:0003924;GO:0005622;GO:0007165;GO:0043167","EC:3.6.1.15","Nucleoside-triphosphate phosphatase","GO:0003924;GO:0005525;GO:0005622;GO:0007264"
"LOC111121200",29,"XP_022318066.1","NC_035781.1","Gnomon","CDS","13375564","13375694",".","+","0","cds7581","rna8308","calcium-regulated heat stable protein 1-like","F:GO:0003674","","","GO:0003676"
"LOC111120971",19,"XP_022317754.1","NC_035781.1","Gnomon","CDS","15709487","15709711",".","-","0","cds7835","rna8572","WASH complex subunit 5-like","C:GO:0005737; C:GO:0032991","","","GO:0071203"
"LOC111122081",NA,"XP_022319344.1","NC_035781.1","Gnomon","CDS","20643031","20643111",".","-","0","cds8364","rna9136","choline O-acetyltransferase-like","F:GO:0016746","","","GO:0016746"
"LOC111118191",NA,"XP_022313232.1","NC_035781.1","Gnomon","CDS","23038942","23039008",".","-","0","cds8509","rna9288","LOW QUALITY PROTEIN: inactive pancreatic lipase-related protein 1-like","GO:0003674;GO:0006629;GO:0009056","EC:3.1.1.1; EC:3.1.1.3","Carboxylesterase; Triacylglycerol lipase","GO:0004806;GO:0016042;GO:0046486"
"LOC111121105",NA,"XP_022317939.1","NC_035781.1","Gnomon","CDS","23093838","23094099",".","-","0","cds8514","rna9296","LOW QUALITY PROTEIN: solute carrier family 15 member 4-like","C:GO:0005575; F:GO:0022857","","","GO:0006857;GO:0016020;GO:0022857;GO:0055085"
"LOC111122335",47,"XP_022319764.1","NC_035781.1","Gnomon","CDS","26557485","26557593",".","-","0","cds8897","rna9704","LOW QUALITY PROTEIN: tyrosine-protein kinase SYK-like","P:GO:0006464; F:GO:0016301; F:GO:0043167","","","GO:0004672;GO:0005524;GO:0006468;GO:0008270"
"LOC111119379",NA,"XP_022315198.1","NC_035781.1","Gnomon","CDS","28811166","28811239",".","-","0","cds9107","rna9934","cytochrome P450 3A24-like isoform X1","F:GO:0016491; F:GO:0043167","","","GO:0005506;GO:0016705;GO:0020037;GO:0055114"
"LOC111119346",25,"XP_022315122.1","NC_035781.1","Gnomon","CDS","30345375","30345402",".","+","0","cds9286","rna10125","homeobox protein TGIF2-like","F:GO:0003677; P:GO:0009058; P:GO:0034641","","","GO:0003677;GO:0006355"
"LOC111119372",48,"XP_022315174.1","NC_035781.1","Gnomon","CDS","30485652","30485756",".","+","1","cds9298","rna10138","tyrosine-protein kinase SRK2-like","GO:0006464;GO:0016301;GO:0043167","EC:2.7.10","Transferring phosphorus-containing groups","GO:0004713;GO:0005515;GO:0005524;GO:0006468"
"LOC111119616",NA,"XP_022315674.1","NC_035781.1","Gnomon","CDS","35846684","35846710",".","-","0","cds9878","rna10762","uncharacterized protein LOC111119616 isoform X1","","","",""
"LOC111118290",NA,"XP_022313381.1","NC_035781.1","Gnomon","CDS","38813464","38813567",".","-","0","cds10091","rna11010","caspase-3-like isoform X1","GO:0008233","EC:3.4.22","Acting on peptide bonds (peptidases)","GO:0004197;GO:0006508"
"LOC111119139",NA,"XP_022314703.1","NC_035781.1","Gnomon","CDS","41662812","41662892",".","-","0","cds10402","rna11349","LOW QUALITY PROTEIN: histidine triad nucleotide-binding protein 3-like","F:GO:0003674","","","GO:0003824"
"LOC111129293",8,"XP_022331288.1","NC_035780.1","Gnomon","CDS","11091996","11092034",".","+","0","cds1094","rna1183","LOW QUALITY PROTEIN: HORMA domain-containing protein 2-like","","","",""
"LOC111120484",5,"XP_022316924.1","NC_035781.1","Gnomon","CDS","43904749","43905246",".","-","1","cds10598","rna11566","sn1-specific diacylglycerol lipase beta-like isoform X1","P:GO:0006629","","","GO:0006629"
"LOC111119550",NA,"XP_022315506.1","NC_035781.1","Gnomon","CDS","44136063","44136650",".","+","0","cds10630","rna11599","histone H1.1-like","F:GO:0003677; C:GO:0005634; C:GO:0005694; C:GO:0032991; P:GO:0051276; P:GO:0065003","","","GO:0000786;GO:0003677;GO:0005634;GO:0006334"
"LOC111117829",NA,"XP_022312773.1","NC_035781.1","Gnomon","CDS","46205597","46205675",".","-","0","cds10785","rna11769","cis-aconitate decarboxylase-like","F:GO:0016829","","","GO:0016829"
"LOC111122246",NA,"XP_022319601.1","NC_035781.1","Gnomon","CDS","46426956","46427877",".","-","1","cds10811","rna11798","cis-aconitate decarboxylase-like","F:GO:0016829","","","GO:0016829"
"LOC111132822",8,"XP_022336385.1","NC_035780.1","Gnomon","CDS","12142272","12142361",".","+","0","cds1196","rna1294","nodal modulator 1-like isoform X1","F:GO:0003674","","","GO:0030246"
"LOC111120376",NA,"XP_022316801.1","NC_035781.1","Gnomon","CDS","51071377","51071425",".","+","0","cds11414","rna12438","neurogenic locus notch homolog protein 1-like","F:GO:0043167","","","GO:0005509"
"LOC111119123",NA,"XP_022314688.1","NC_035781.1","Gnomon","CDS","52643348","52643629",".","+","0","cds11521","rna12566","histone H3.3","F:GO:0003677; C:GO:0005694; C:GO:0032991","","","GO:0000786;GO:0003677;GO:0046982"
"LOC111118245",NA,"XP_022313304.1","NC_035781.1","Gnomon","CDS","60418910","60418940",".","+","0","cds12362","rna13481","noggin-2-like isoform X1","P:GO:0007165; P:GO:0009058; P:GO:0030154; P:GO:0034641","","","GO:0030514;GO:0045596"
"LOC111121954",NA,"XP_022319160.1","NC_035781.1","Gnomon","CDS","60602592","60602614",".","-","0","cds12372","rna13491","uncharacterized protein LOC111121954","","","",""
"LOC111121952",NA,"XP_022319158.1","NC_035781.1","Gnomon","CDS","60837898","60837920",".","-","0","cds12386","rna13507","uncharacterized protein LOC111121952 isoform X1","","","",""
"LOC111113022",19,"XP_022306656.1","NC_035780.1","Gnomon","CDS","13325164","13325299",".","+","0","cds1326","rna1438","LOW QUALITY PROTEIN: uncharacterized protein KIAA0930 homolog","","","",""
"LOC111125590",NA,"XP_022325260.1","NC_035782.1","Gnomon","CDS","8985859","8985937",".","-","0","cds13150","rna14328","uncharacterized protein LOC111125590 isoform X1","","","",""
"LOC111099191",NA,"XP_022286311.1","NC_035780.1","Gnomon","CDS","14455745","14456114",".","-","0","cds1424","rna1554","uncharacterized protein LOC111099191","","","",""
"LOC111126267",NA,"XP_022326490.1","NC_035782.1","Gnomon","CDS","22217718","22217920",".","-","0","cds14404","rna15710","BTB/POZ domain-containing protein KCTD4-like","F:GO:0003674; P:GO:0065003","","","GO:0005515;GO:0051260"
"LOC111122558",NA,"XP_022320056.1","NC_035782.1","Gnomon","CDS","22706331","22706390",".","-","0","cds14433","rna15744","tetraspanin-9-like isoform X1","C:GO:0005575","","","GO:0016021"
"LOC111125570",46,"XP_022325228.1","NC_035782.1","Gnomon","CDS","24900468","24900581",".","+","0","cds14638","rna15963","DENN domain-containing protein 3-like isoform X1","F:GO:0003674","","","GO:0005515"
"LOC111126647",NA,"XP_022327139.1","NC_035782.1","Gnomon","CDS","29142271","29142288",".","+","2","cds15078","rna16435","LOW QUALITY PROTEIN: sodium- and chloride-dependent taurine transporter-like","C:GO:0005575; F:GO:0022857","","","GO:0005328;GO:0006812;GO:0006836;GO:0016021"
"LOC111127644",7,"XP_022328617.1","NC_035782.1","Gnomon","CDS","29256564","29256683",".","-","2","cds15091","rna16448","prostaglandin G/H synthase 2-like isoform X1","GO:0006950;GO:0016491","EC:1.11.1.7","Peroxidase","GO:0004601;GO:0006804;GO:0006979;GO:0020037;GO:0055114"
"LOC111127668",NA,"XP_022328656.1","NC_035782.1","Gnomon","CDS","29477176","29477351",".","+","0","cds15138","rna16497","26S proteasome non-ATPase regulatory subunit 5-like","P:GO:0065003","","","GO:0043248"
"LOC111126352",58,"XP_022326607.1","NC_035782.1","Gnomon","CDS","31180805","31180853",".","+","0","cds15360","rna16728","potassium channel subfamily T member 2-like isoform X1","C:GO:0005575; P:GO:0006810","","","GO:0006813;GO:0016020"
"LOC111126478",25,"XP_022326868.1","NC_035782.1","Gnomon","CDS","31309977","31310022",".","-","0","cds15377","rna16745","protein spinster homolog 1-like isoform X1","C:GO:0005575; P:GO:0055085","","","GO:0016021;GO:0055085"
"LOC111122110",NA,"XP_022319404.1","NC_035780.1","Gnomon","CDS","16408660","16408720",".","-","0","cds1578","rna1730","LOW QUALITY PROTEIN: caltractin-like","F:GO:0043167","","","GO:0005509"
"LOC111125856",104,"XP_022325757.1","NC_035782.1","Gnomon","CDS","33056374","33056641",".","+","2","cds15537","rna16919","rho GTPase-activating protein 7-like isoform X1","P:GO:0007165; F:GO:0008289","","","GO:0007165;GO:0008289"
