"darkred.gene_id","darkred.cpg_count","darkred.protein_id","darkred.chr","darkred.method","darkred.feature","darkred.start","darkred.end","darkred.score","darkred.strand","darkred.phase","darkred.CDS_ID","darkred.Parent","darkred.Description","darkred.GO.SLIM","darkred.Enzyme.Codes","darkred.Enzyme.Names","darkred.InterproScan.GO.ID"
"LOC111101029",1,"XP_022288962.1","NC_035780.1","Gnomon","CDS","16521937","16522089",".","-","0","cds1584","rna1736","chromatin accessibility complex protein 1-like isoform X1","F:GO:0003674","","","GO:0046982"
"LOC111127220",114,"XP_022328008.1","NC_035782.1","Gnomon","CDS","37331190","37331264",".","+","0","cds15857","rna17284","E3 ubiquitin-protein ligase HERC2-like isoform X1","F:GO:0004842; F:GO:0005515; F:GO:0008270; P:GO:0016567","","","GO:0004842;GO:0005515;GO:0008270;GO:0016567"
"LOC111124237",NA,NA,NA,NA,NA,NA,NA,NA,NA,NA,NA,NA,NA,NA,NA,NA,NA
"LOC111108857",NA,"XP_022300652.1","NC_035780.1","Gnomon","CDS","17403826","17403858",".","-","0","cds1638","rna1810","repressor of yield of DENV protein homolog","","","",""
"LOC111125110",NA,"XP_022324291.1","NC_035782.1","Gnomon","CDS","45926517","45927893",".","-","0","cds16889","rna18369","uncharacterized protein LOC111125110","","","",""
"LOC111125318",15,"XP_022324662.1","NC_035782.1","Gnomon","CDS","47095709","47095738",".","-","0","cds17014","rna18499","uncharacterized protein LOC111125318","","","",""
"LOC111126006",NA,"XP_022326066.1","NC_035782.1","Gnomon","CDS","49226708","49226723",".","+","0","cds17221","rna18720","failed axon connections homolog isoform X1","","","",""
"LOC111126728",26,"XP_022327270.1","NC_035782.1","Gnomon","CDS","53553419","53553458",".","-","0","cds17829","rna19394","gamma-glutamyltranspeptidase 1-like","GO:0006790;GO:0008233;GO:0009056;GO:0034641;GO:0051186","EC:3.4.19; EC:3.4.19.13","Acting on peptide bonds (peptidases); Glutathione hydrolase","GO:0006751;GO:0036374"
"LOC111124750",NA,"XP_022323620.1","NC_035782.1","Gnomon","CDS","53880167","53880364",".","-","0","cds17872","rna19438","uncharacterized protein LOC111124750","","","",""
"LOC111126608",198,"XP_022327073.1","NC_035782.1","Gnomon","CDS","55260647","55260697",".","+","0","cds18074","rna19654","LOW QUALITY PROTEIN: protein furry-like","P:GO:0000902","","","GO:0000902"
"LOC111126336",16,"XP_022326589.1","NC_035782.1","Gnomon","CDS","55524296","55524415",".","+","2","cds18099","rna19680","72 kDa inositol polyphosphate 5-phosphatase-like","P:GO:0006629","","","GO:0046856"
"LOC111125826",NA,"XP_022325697.1","NC_035782.1","Gnomon","CDS","57594729","57595136",".","-","0","cds18332","rna19924","DNA-directed RNA polymerase III subunit RPC9-like","F:GO:0003674; C:GO:0005634; P:GO:0009058; C:GO:0032991; P:GO:0034641","","","GO:0000166;GO:0003824;GO:0005666;GO:0006384"
"LOC111126741",NA,"XP_022327285.1","NC_035782.1","Gnomon","CDS","62563331","62563376",".","-","0","cds18809","rna20439","uncharacterized protein LOC111126741","","","",""
"LOC111124570",NA,"XP_022323240.1","NC_035782.1","Gnomon","CDS","63455202","63455334",".","-","0","cds18889","rna20538","S-acyl fatty acid synthase thioesterase%2C medium chain-like","F:GO:0003674; P:GO:0009058","","","GO:0009058;GO:0016788"
"LOC111111622",NA,"XP_022304418.1","NC_035780.1","Gnomon","CDS","19881751","19882148",".","-","2","cds1832","rna2024","LOW QUALITY PROTEIN: neuropeptide receptor 15-like","F:GO:0003674; C:GO:0005575; P:GO:0007165","","","GO:0004930;GO:0007186;GO:0016021"
"LOC111127165",NA,"XP_022327933.1","NC_035782.1","Gnomon","CDS","66621649","66621790",".","-","0","cds19180","rna20853","MIT domain-containing protein 1-like","","","",""
"LOC111123916",NA,"XP_022322340.1","NC_035782.1","Gnomon","CDS","68406853","68407174",".","-","0","cds19416","rna21114","uncharacterized protein LOC111123916","F:GO:0003674","","","GO:0005515"
"LOC111125907",7,"XP_022325849.1","NC_035782.1","Gnomon","CDS","73269906","73270046",".","-","1","cds19996","rna21724","signal transducer and activator of transcription 5B-like","F:GO:0003677; F:GO:0003700; C:GO:0005634; P:GO:0007165; P:GO:0009058; C:GO:0032991; P:GO:0034641","","","GO:0003677;GO:0003700;GO:0005634;GO:0005667;GO:0006355;GO:0006355;GO:0007165"
"LOC111125231",2,"XP_022324512.1","NC_035782.1","Gnomon","CDS","73448403","73448452",".","+","0","cds20013","rna21743","ubiquitin-protein ligase E3A-like","F:GO:0003674; P:GO:0006464","","","GO:0004842;GO:0016567"
"LOC111129084",59,"XP_022330878.1","NC_035783.1","Gnomon","CDS","1975987","1976194",".","-","2","cds20481","rna22271","LOW QUALITY PROTEIN: transducin-like enhancer protein 4","F:GO:0003674; C:GO:0005634; P:GO:0009058; P:GO:0034641","","","GO:0005515;GO:0005634;GO:0006355"
"LOC111131374",12,"XP_022334565.1","NC_035783.1","Gnomon","CDS","3823066","3823512",".","+","0","cds20636","rna22456","TP53-binding protein 1-like","","","",""
"LOC111131450",NA,"XP_022334693.1","NC_035783.1","Gnomon","CDS","7461496","7461555",".","+","2","cds21041","rna22874","ADP-ribosylation factor-like protein 15","F:GO:0043167","","","GO:0005525"
"LOC111128466",NA,"XP_022329786.1","NC_035783.1","Gnomon","CDS","7569089","7572886",".","-","0","cds21053","rna22886","uncharacterized protein LOC111128466","F:GO:0003674; P:GO:0006259","","","GO:0003676;GO:0015074"
"LOC111128902",NA,"XP_022330560.1","NC_035783.1","Gnomon","CDS","9955488","9955502",".","-","0","cds21304","rna23157","protein RRNAD1-like isoform X1","","","",""
"LOC111128066",NA,"XP_022329179.1","NC_035783.1","Gnomon","CDS","11169500","11169664",".","+","0","cds21449","rna23304","uncharacterized protein LOC111128066 isoform X1","GO:0004518;GO:0006259;GO:0034655","EC:3.1.31; EC:3.1.22.1; EC:3.1.22","Acting on ester bonds; Deoxyribonuclease II; Acting on ester bonds","GO:0004531;GO:0006308"
"LOC111128663",NA,"XP_022330126.1","NC_035783.1","Gnomon","CDS","16379626","16379695",".","-","0","cds22072","rna23964","uncharacterized protein LOC111128663","","","",""
"LOC111130481",3,"XP_022333297.1","NC_035783.1","Gnomon","CDS","18357140","18357214",".","-","0","cds22306","rna24209","GDP-D-glucose phosphorylase 1-like","GO:0016757","EC:2.4.1.1; EC:2.7.7.78","Glycogen phosphorylase; GDP-D-glucose phosphorylase","GO:0080048"
"LOC111129912",146,"XP_022332156.1","NC_035783.1","Gnomon","CDS","20707470","20707518",".","-","2","cds22614","rna24531","peptidyl-glycine alpha-amidating monooxygenase B-like isoform X1","GO:0005575;GO:0016491;GO:0034641;GO:0043167","EC:1.14.17","Acting on paired donors, with incorporation or reduction of molecular oxygen. The oxygen incorporated need not be derived from O(2)","GO:0005507;GO:0005515;GO:0006518;GO:0016020;GO:0016715;GO:0055114"
"LOC111129551",NA,"XP_022331713.1","NC_035783.1","Gnomon","CDS","22251480","22252172",".","+","0","cds22772","rna24699","uncharacterized protein LOC111129551","","","",""
"LOC111131769",9,"XP_022335179.1","NC_035783.1","Gnomon","CDS","23133216","23133298",".","-","0","cds22839","rna24774","uncharacterized protein LOC111131769 isoform X1","","","",""
"LOC111130240",NA,"XP_022332735.1","NC_035783.1","Gnomon","CDS","27440729","27440771",".","-","0","cds23231","rna25200","bifunctional glutamate/proline--tRNA ligase-like","GO:0005737;GO:0006399;GO:0006412;GO:0006520;GO:0016874;GO:0032991;GO:0043167;GO:0051186","EC:6.1.1.15; EC:6.1.1.17","Proline--tRNA ligase; Glutamate--tRNA ligase","GO:0004818;GO:0004827;GO:0005524;GO:0006424;GO:0006433;GO:0006525;GO:0006560;GO:0009332;GO:0015994"
"LOC111128562",NA,"XP_022329949.1","NC_035783.1","Gnomon","CDS","31990980","31991039",".","+","0","cds23782","rna25801","frataxin%2C mitochondrial-like","GO:0005739;GO:0006790;GO:0016491;GO:0022607;GO:0043167;GO:0051186","EC:1.16.3.1; EC:1.16.3","Ferroxidase; Oxidizing metal ions","GO:0004322;GO:0005739;GO:0008199;GO:0015994;GO:0016226;GO:0055114"
"LOC111129707",NA,"XP_022331880.1","NC_035783.1","Gnomon","CDS","33587682","33588018",".","+","1","cds23913","rna25939","probable peptidylglycine alpha-hydroxylating monooxygenase 1 isoform X1","GO:0005575;GO:0016491;GO:0034641;GO:0043167","EC:1.14.17","Acting on paired donors, with incorporation or reduction of molecular oxygen. The oxygen incorporated need not be derived from O(2)","GO:0005507;GO:0006518;GO:0016020;GO:0016715;GO:0055114"
"LOC111129622",NA,"XP_022331786.1","NC_035783.1","Gnomon","CDS","34437741","34438165",".","-","0","cds24013","rna26045","LOW QUALITY PROTEIN: uncharacterized protein LOC111129622","","","",""
"LOC111129965",NA,"XP_022332232.1","NC_035783.1","Gnomon","CDS","34445242","34445424",".","-","1","cds24015","rna26047","apolipophorins-like","F:GO:0003674; P:GO:0006810","","","GO:0005319;GO:0006869"
"LOC111129625",NA,"XP_022331790.1","NC_035783.1","Gnomon","CDS","34522239","34522290",".","+","0","cds24021","rna26053","LOW QUALITY PROTEIN: uncharacterized protein LOC111129625","F:GO:0003674; P:GO:0006810","","","GO:0005319;GO:0006869"
"LOC111131597",12,"XP_022334912.1","NC_035783.1","Gnomon","CDS","41497450","41497537",".","-","0","cds24800","rna26984","protein arginine methyltransferase NDUFAF7%2C mitochondrial-like isoform X1","","","",""
"LOC111127901",3,"XP_022328908.1","NC_035783.1","Gnomon","CDS","42738547","42738616",".","+","0","cds24914","rna27111","kynurenine 3-monooxygenase-like","GO:0006520;GO:0009056;GO:0009058;GO:0016491;GO:0034641;GO:0043167","EC:1.14.13.9; EC:1.14.13","Kynurenine 3-monooxygenase; Acting on paired donors, with incorporation or reduction of molecular oxygen. The oxygen incorporated need not be derived from O(2)","GO:0004502;GO:0006569;GO:0019805;GO:0071949"
"LOC111131666",50,NA,NA,NA,NA,NA,NA,NA,NA,NA,NA,NA,NA,NA,NA,NA,NA
"LOC111131275",11,"XP_022334427.1","NC_035783.1","Gnomon","CDS","44248969","44249198",".","-","0","cds25034","rna27242","LOW QUALITY PROTEIN: uncharacterized protein LOC111131275","P:GO:0006259; P:GO:0006950","","","GO:0006303"
"LOC111129828",NA,"XP_022332011.1","NC_035783.1","Gnomon","CDS","45139729","45139775",".","+","0","cds25087","rna27303","LOW QUALITY PROTEIN: neuronal PAS domain-containing protein 4-like","F:GO:0003674","","","GO:0046983"
"LOC111131783",43,"XP_022335193.1","NC_035783.1","Gnomon","CDS","45254277","45254334",".","+","0","cds25096","rna27313","uncharacterized protein LOC111131783","","","",""
"LOC111131626",7,NA,NA,NA,NA,NA,NA,NA,NA,NA,NA,NA,NA,NA,NA,NA,NA
"LOC111131729",12,"XP_022335103.1","NC_035783.1","Gnomon","CDS","50188753","50188805",".","-","0","cds25368","rna27648","LOW QUALITY PROTEIN: N-alpha-acetyltransferase 20-like","","","",""
"LOC111131010",15,"XP_022334036.1","NC_035783.1","Gnomon","CDS","51455584","51459024",".","+","0","cds25486","rna27792","zinc finger protein 407-like","F:GO:0003674","","","GO:0003676"
"LOC111127829",NA,"XP_022328806.1","NC_035783.1","Gnomon","CDS","52595630","52595738",".","-","0","cds25578","rna27888","uncharacterized protein LOC111127829","","","",""
"LOC111129836",NA,"XP_022332020.1","NC_035783.1","Gnomon","CDS","52631249","52631363",".","-","0","cds25583","rna27893","uncharacterized protein DDB_G0290685-like isoform X1","","","",""
"LOC111127816",4,NA,NA,NA,NA,NA,NA,NA,NA,NA,NA,NA,NA,NA,NA,NA,NA
"LOC111130645",NA,"XP_022333520.1","NC_035783.1","Gnomon","CDS","54208545","54208564",".","-","0","cds25731","rna28063","Bloom syndrome protein homolog isoform X1","GO:0004386;GO:0005694;GO:0006259;GO:0006950;GO:0009058;GO:0016887;GO:0043167","EC:3.6.1.3; EC:3.6.1.15","Adenosinetriphosphatase; Nucleoside-triphosphate phosphatase","GO:0003676;GO:0005524;GO:0005657;GO:0006260;GO:0006281;GO:0006310;GO:0043140"
"LOC111129858",21,"XP_022332053.1","NC_035783.1","Gnomon","CDS","57084225","57084236",".","-","0","cds26020","rna28372","LOW QUALITY PROTEIN: BTB/POZ domain-containing protein KCTD7-like","F:GO:0003674; P:GO:0065003","","","GO:0005515;GO:0051260"
"LOC111135947",160,"XP_022342149.1","NC_035780.1","Gnomon","CDS","27365139","27365324",".","+","0","cds2548","rna2834","transient receptor potential cation channel subfamily M member 1-like isoform X1","F:GO:0003674","","","GO:0016787"
"LOC111137256",23,"XP_022344352.1","NC_035784.1","Gnomon","CDS","2767045","2767157",".","+","0","cds26664","rna29069","valacyclovir hydrolase-like isoform X1","","","",""
"LOC111133006",1,"XP_022336737.1","NC_035784.1","Gnomon","CDS","4332888","4332982",".","+","2","cds26826","rna29245","centrosomal protein of 290 kDa-like","C:GO:0005634; C:GO:0005815; P:GO:0022607","","","GO:0005634;GO:0005813;GO:0060271"
"LOC111134201",4,"XP_022338757.1","NC_035784.1","Gnomon","CDS","4603980","4604099",".","-","0","cds26880","rna29299","ADP-ribose pyrophosphatase%2C mitochondrial-like isoform X1","GO:0003674;GO:0005739;GO:0034641;GO:0044281","EC:3.6.1.13","ADP-ribose diphosphatase","GO:0005739;GO:0006144;GO:0047631"
"LOC111136416",NA,"XP_022342959.1","NC_035784.1","Gnomon","CDS","4711801","4711854",".","-","0","cds26895","rna29315","homocysteine-responsive endoplasmic reticulum-resident ubiquitin-like domain member 2 protein isoform X1","F:GO:0003674","","","GO:0005515"
"LOC111136497",NA,"XP_022343091.1","NC_035784.1","Gnomon","CDS","5878181","5879224",".","-","0","cds27023","rna29453","ribose-phosphate pyrophosphokinase 4-like","GO:0009058;GO:0034641;GO:0043167;GO:0044281","EC:2.7.6.1","Ribose-phosphate diphosphokinase","GO:0000287;GO:0004749;GO:0006098;GO:0006144;GO:0009116;GO:0009165"
"LOC111136660",NA,"XP_022343381.1","NC_035784.1","Gnomon","CDS","9561461","9561561",".","+","2","cds27392","rna29870","INO80 complex subunit B-like","C:GO:0000228; C:GO:0032991; P:GO:0051276","","","GO:0006338;GO:0031011"
"LOC111132906",1,"XP_022336545.1","NC_035784.1","Gnomon","CDS","10927410","10927478",".","+","0","cds27553","rna30042","LOW QUALITY PROTEIN: ras-related protein Rab-34-like","GO:0003924;GO:0043167","EC:3.6.1.15","Nucleoside-triphosphate phosphatase","GO:0003924;GO:0005525"
"LOC111134685",NA,"XP_022339661.1","NC_035784.1","Gnomon","CDS","15161160","15162197",".","-","0","cds27971","rna30521","uncharacterized protein LOC111134685 isoform X1","","","",""
"LOC111132220",NA,"XP_022335717.1","NC_035784.1","Gnomon","CDS","17144770","17148358",".","+","0","cds28159","rna30722","mucin-2-like","F:GO:0003674; C:GO:0005576; P:GO:0008150","","","GO:0005576;GO:0006030;GO:0008061"
"LOC111134148",17,"XP_022338689.1","NC_035784.1","Gnomon","CDS","17437690","17438031",".","-","0","cds28176","rna30740","LOW QUALITY PROTEIN: septin-7-like","C:GO:0005737; C:GO:0005856; C:GO:0032991; F:GO:0043167","","","GO:0005525;GO:0031105"
"LOC111133810",19,"XP_022338196.1","NC_035784.1","Gnomon","CDS","17995113","17995209",".","+","0","cds28229","rna30799","uncharacterized protein LOC111133810 isoform X1","F:GO:0003674","","","GO:0005515"
"LOC111137432",NA,"XP_022344592.1","NC_035784.1","Gnomon","CDS","19686019","19686220",".","+","0","cds28489","rna31080","glyoxylate reductase/hydroxypyruvate reductase-like","F:GO:0016491","","","GO:0016616;GO:0051287;GO:0055114"
"LOC111134639",NA,"XP_022339575.1","NC_035784.1","Gnomon","CDS","21821114","21822358",".","-","0","cds28661","rna31265","high mobility group B protein 6-like","","","",""
"LOC111136677",NA,"XP_022343419.1","NC_035784.1","Gnomon","CDS","22246634","22246635",".","-","0","cds28706","rna31313","aquaporin AQPAe.a-like isoform X1","C:GO:0005575; F:GO:0022857","","","GO:0015267;GO:0016020;GO:0055085"
"LOC111132827",4,"XP_022336390.1","NC_035784.1","Gnomon","CDS","23931240","23931366",".","+","2","cds28877","rna31494","ankyrin repeat and SAM domain-containing protein 6-like isoform X1","F:GO:0003674","","","GO:0005515"
"LOC111134138",NA,NA,NA,NA,NA,NA,NA,NA,NA,NA,NA,NA,NA,NA,NA,NA,NA
"LOC111133973",39,"XP_022338428.1","NC_035784.1","Gnomon","CDS","25114954","25115171",".","-","1","cds28999","rna31636","sodium/hydrogen exchanger 3-like","C:GO:0005575; F:GO:0022857; P:GO:0042592","","","GO:0006814;GO:0006885;GO:0015385;GO:0016021;GO:1902600"
"LOC111132144",1,"XP_022335583.1","NC_035784.1","Gnomon","CDS","26274381","26274459",".","+","0","cds29088","rna31746","zinc finger protein 729-like","F:GO:0003674","","","GO:0003676"
"LOC111133628",NA,"XP_022337858.1","NC_035784.1","Gnomon","CDS","27354350","27355942",".","-","0","cds29238","rna31901","uncharacterized protein LOC111133628","","","",""
"LOC111137942",NA,"XP_022345362.1","NC_035784.1","Gnomon","CDS","28629339","28630514",".","+","0","cds29337","rna32005","protein ABHD15-like","","","",""
"LOC111137240",NA,"XP_022344327.1","NC_035784.1","Gnomon","CDS","29940983","29941194",".","+","2","cds29505","rna32199","uncharacterized protein LOC111137240","P:GO:0007267; F:GO:0008289; F:GO:0043167; P:GO:0055085","","","GO:0030431;GO:0032222;GO:0034235;GO:1903818"
"LOC111137129",NA,"XP_022344139.1","NC_035784.1","Gnomon","CDS","33722129","33722345",".","-","0","cds29900","rna32617","sodium-dependent neutral amino acid transporter B(0)AT1-like","C:GO:0005886; F:GO:0022857","","","GO:0005328;GO:0005887;GO:0006812;GO:0006836"
"LOC111133263",2,"XP_022337180.1","NC_035784.1","Gnomon","CDS","34874049","34874333",".","+","0","cds30083","rna32808","E3 ubiquitin-protein ligase AMFR-like","","","",""
"LOC111133142",NA,"XP_022336952.1","NC_035784.1","Gnomon","CDS","35084646","35084774",".","+","0","cds30113","rna32838","serine/threonine-protein kinase Nek6-like","P:GO:0006464; F:GO:0016301; F:GO:0043167","","","GO:0004672;GO:0005524;GO:0006468"
"LOC111132979",NA,NA,NA,NA,NA,NA,NA,NA,NA,NA,NA,NA,NA,NA,NA,NA,NA
"LOC111133046",NA,"XP_022336806.1","NC_035784.1","Gnomon","CDS","35762886","35762991",".","+","0","cds30186","rna32913","tuftelin-interacting protein 11-like","F:GO:0003674","","","GO:0003676"
"LOC111133473",NA,"XP_022337660.1","NC_035780.1","Gnomon","CDS","31805087","31806313",".","-","0","cds2954","rna3261","cholecystokinin receptor type A-like","F:GO:0003674; C:GO:0005575; P:GO:0007165","","","GO:0004930;GO:0007186;GO:0016021"
"LOC111133941",NA,"XP_022338394.1","NC_035784.1","Gnomon","CDS","42736481","42736489",".","-","0","cds31132","rna33975","uncharacterized protein LOC111133941","","","",""
"LOC111135810",77,"XP_022341900.1","NC_035784.1","Gnomon","CDS","44362256","44362306",".","-","0","cds31281","rna34164","ganglioside-induced differentiation-associated protein 1-like","F:GO:0003674","","","GO:0005515"
"LOC111134668",35,NA,NA,NA,NA,NA,NA,NA,NA,NA,NA,NA,NA,NA,NA,NA,NA
"LOC111134397",14,"XP_022339072.1","NC_035784.1","Gnomon","CDS","50049362","50049451",".","-","0","cds31687","rna34658","copine-3-like","","","",""
"LOC111132788",46,"XP_022336319.1","NC_035784.1","Gnomon","CDS","53840486","53840550",".","+","0","cds32112","rna35108","N-acetylglucosamine-1-phosphodiester alpha-N-acetylglucosaminidase-like","","","",""
"LOC111132858",NA,"XP_022336466.1","NC_035784.1","Gnomon","CDS","54006422","54006599",".","+","0","cds32132","rna35128","UPF0764 protein C16orf89 homolog","","","",""
"LOC111136074",46,"XP_022342373.1","NC_035784.1","Gnomon","CDS","66551006","66551493",".","-","0","cds33593","rna36719","heparan-sulfate 6-O-sulfotransferase 2-like","F:GO:0003674; C:GO:0005575","","","GO:0008146;GO:0016021"
"LOC111138244",NA,"XP_022345823.1","NC_035784.1","Gnomon","CDS","66607844","66607904",".","+","0","cds33607","rna36733","uncharacterized protein LOC111138244","","","",""
"LOC111133004",NA,"XP_022336734.1","NC_035784.1","Gnomon","CDS","68033488","68033832",".","-","0","cds33785","rna36926","tumor necrosis factor ligand superfamily member 10-like","P:GO:0002376; F:GO:0003674; C:GO:0005575; P:GO:0007165","","","GO:0005164;GO:0006955;GO:0007165;GO:0016020"
"LOC111135591",19,"XP_022341509.1","NC_035784.1","Gnomon","CDS","69401792","69401928",".","+","0","cds33941","rna37088","UV-stimulated scaffold protein A-like","P:GO:0008150","","","GO:0009411"
"LOC111135600",NA,"XP_022341530.1","NC_035784.1","Gnomon","CDS","69437289","69437562",".","-","0","cds33945","rna37093","programmed cell death protein 4-like","P:GO:0009058; P:GO:0034641","","","GO:0045892"
"LOC111103146",NA,"XP_022291904.1","NC_035780.1","Gnomon","CDS","3782638","3782653",".","+","0","cds346","rna369","arrestin domain-containing protein 17-like isoform X1","","","",""
"LOC111138001",65,"XP_022345454.1","NC_035784.1","Gnomon","CDS","73254599","73256046",".","+","0","cds34352","rna37539","TSC22 domain family protein 1-like","F:GO:0003700; C:GO:0005622; P:GO:0009058; C:GO:0032991; P:GO:0034641","","","GO:0003700;GO:0005667;GO:0006355;GO:0006355"
"LOC111133787",NA,"XP_022338160.1","NC_035784.1","Gnomon","CDS","75578683","75579216",".","+","0","cds34528","rna37735","uncharacterized protein LOC111133787 isoform X1","P:GO:0002376; F:GO:0003674; C:GO:0005575; P:GO:0007165","","","GO:0005164;GO:0006955;GO:0007165;GO:0016020"
"LOC111136619",NA,"XP_022343306.1","NC_035784.1","Gnomon","CDS","76800380","76800440",".","+","0","cds34615","rna37834","uncharacterized protein LOC111136619","","","",""
"LOC111134580",18,"XP_022339444.1","NC_035784.1","Gnomon","CDS","77036204","77036498",".","-","0","cds34636","rna37856","zinc transporter ZIP13-like","C:GO:0005575; F:GO:0022857","","","GO:0016020;GO:0030001;GO:0046873;GO:0055085"
"LOC111137387",NA,"XP_022344542.1","NC_035780.1","Gnomon","CDS","36228026","36228535",".","-","0","cds3423","rna3770","heat shock protein 27-like","","","",""
"LOC111133735",NA,"XP_022338065.1","NC_035784.1","Gnomon","CDS","82369598","82369658",".","-","0","cds35093","rna38372","uncharacterized protein LOC111133735 isoform X1","","","",""
"LOC111137145",NA,"XP_022344165.1","NC_035784.1","Gnomon","CDS","82395107","82395480",".","-","2","cds35096","rna38375","uncharacterized protein LOC111137145 isoform X1","","","",""
"LOC111137357",15,"XP_022344507.1","NC_035784.1","Gnomon","CDS","94678972","94679210",".","+","0","cds36058","rna39441","F-box/WD repeat-containing protein 4-like","F:GO:0003674","","","GO:0005515"
"LOC111134979",NA,"XP_022340324.1","NC_035784.1","Gnomon","CDS","94901237","94901327",".","-","0","cds36090","rna39474","uncharacterized protein LOC111134979 isoform X1","","","",""
"LOC111135884",NA,"XP_022342030.1","NC_035784.1","Gnomon","CDS","96052904","96052943",".","+","0","cds36193","rna39599","macrophage mannose receptor 1-like","","","",""
"LOC111133282",NA,"XP_022337229.1","NC_035784.1","Gnomon","CDS","97996016","97997759",".","-","0","cds36358","rna39773","uncharacterized protein LOC111133282 isoform X1","F:GO:0043167","","","GO:0008270"
"LOC111099489",NA,"XP_022286495.1","NC_035785.1","Gnomon","CDS","868528","868694",".","+","0","cds36451","rna39877","LOW QUALITY PROTEIN: uncharacterized protein LOC111099489","","","",""
"LOC111100665",NA,"XP_022288459.1","NC_035785.1","Gnomon","CDS","2021627","2021950",".","-","0","cds36528","rna39981","uncharacterized protein LOC111100665","F:GO:0043167","","","GO:0008270"
"LOC111100920",76,"XP_022288805.1","NC_035785.1","Gnomon","CDS","2546306","2546927",".","+","0","cds36557","rna40015","LOW QUALITY PROTEIN: ankyrin-2-like","F:GO:0003674; P:GO:0007165","","","GO:0005515;GO:0035556"
"LOC111117013",139,"XP_022311779.1","NC_035780.1","Gnomon","CDS","38017454","38017590",".","+","2","cds3563","rna3927","insulin receptor substrate 1-B-like isoform X1","F:GO:0003674; C:GO:0005886; P:GO:0007165; C:GO:0032991","","","GO:0005158;GO:0005899;GO:0008286"
"LOC111099615",NA,"XP_022286680.1","NC_035785.1","Gnomon","CDS","5218736","5218799",".","-","0","cds36784","rna40270","uncharacterized protein LOC111099615 isoform X1","","","",""
"LOC111100095",NA,"XP_022287418.1","NC_035785.1","Gnomon","CDS","11405636","11406853",".","+","0","cds37241","rna40817","transcription intermediary factor 1-alpha-like","F:GO:0043167","","","GO:0008270"
"LOC111101518",9,"XP_022289749.1","NC_035785.1","Gnomon","CDS","11676600","11676692",".","+","0","cds37280","rna40860","gamma-tubulin complex component 2-like isoform X1","C:GO:0005815; P:GO:0007010; F:GO:0008092; C:GO:0032991; P:GO:0065003","","","GO:0000922;GO:0005815;GO:0007020;GO:0043015;GO:0045298"
"LOC111100906",5,"XP_022288787.1","NC_035785.1","Gnomon","CDS","12466032","12466084",".","-","0","cds37330","rna40921","gamma-tubulin complex component 2-like isoform X1","C:GO:0005815; P:GO:0007010; F:GO:0008092; C:GO:0032991; P:GO:0065003","","","GO:0000922;GO:0005815;GO:0007020;GO:0043015;GO:0045298"
"LOC111102278",NA,"XP_022290654.1","NC_035785.1","Gnomon","CDS","12480038","12480604",".","-","0","cds37337","rna40928","dual specificity protein phosphatase 14-like isoform X1","GO:0006464;GO:0006520;GO:0016791","EC:3.1.3.16; EC:3.1.3.48","Protein-serine/threonine phosphatase; Protein-tyrosine-phosphatase","GO:0004725;GO:0006470;GO:0006570;GO:0017017"
"LOC111100457",NA,NA,NA,NA,NA,NA,NA,NA,NA,NA,NA,NA,NA,NA,NA,NA,NA
"LOC111102259",NA,"XP_022290636.1","NC_035785.1","Gnomon","CDS","18307254","18307320",".","+","0","cds37836","rna41509","uncharacterized protein LOC111102259","","","",""
"LOC111100199",NA,"XP_022287573.1","NC_035785.1","Gnomon","CDS","19720306","19721956",".","-","0","cds37941","rna41642","uncharacterized protein LOC111100199","F:GO:0043167","","","GO:0008270"
"LOC111100236",NA,"XP_022287613.1","NC_035785.1","Gnomon","CDS","21019966","21021134",".","-","2","cds38019","rna41739","uncharacterized protein LOC111100236 isoform X1","F:GO:0003674","","","GO:0003676"
"LOC111100570",26,"XP_022288288.1","NC_035785.1","Gnomon","CDS","30869009","30869093",".","+","0","cds38532","rna42372","protein phosphatase 1 regulatory subunit 3B-like isoform X1","F:GO:0003674","","","GO:0005515"
"LOC111100898",19,"XP_022288773.1","NC_035785.1","Gnomon","CDS","33048204","33048465",".","-","0","cds38776","rna42631","uncharacterized protein LOC111100898","","","",""
"LOC111101609",NA,"XP_022289863.1","NC_035785.1","Gnomon","CDS","36952431","36952591",".","+","0","cds39174","rna43063","fumarylacetoacetate hydrolase domain-containing protein 2-like","F:GO:0003674","","","GO:0003824"
"LOC111099795",NA,"XP_022286967.1","NC_035785.1","Gnomon","CDS","37907114","37907244",".","+","0","cds39289","rna43188","uncharacterized protein LOC111099795","","","",""
"LOC111102147",9,"XP_022290504.1","NC_035785.1","Gnomon","CDS","37933424","37933532",".","-","0","cds39292","rna43191","acetylcholine receptor subunit alpha-1-A-like","C:GO:0005575; P:GO:0007165; F:GO:0022857","","","GO:0004888;GO:0005230;GO:0007165;GO:0016021;GO:0034220"
"LOC111100325",NA,"XP_022287770.1","NC_035785.1","Gnomon","CDS","41523871","41524186",".","+","0","cds39545","rna43492","filamin-C-like","F:GO:0003674","","","GO:0005515"
"LOC111101630",54,"XP_022289905.1","NC_035785.1","Gnomon","CDS","42965310","42965512",".","+","0","cds39706","rna43689","DDB1- and CUL4-associated factor 10-like","F:GO:0003674","","","GO:0005515"
"LOC111102251",32,"XP_022290625.1","NC_035785.1","Gnomon","CDS","43783692","43783871",".","-","2","cds39805","rna43805","charged multivesicular body protein 3-like","P:GO:0007034","","","GO:0007034"
"LOC111103801",529,"XP_022292990.1","NC_035786.1","Gnomon","CDS","599203","599247",".","-","0","cds40278","rna44484","cell division cycle 5-like protein","F:GO:0003677","","","GO:0003677"
"LOC111102627",NA,"XP_022291155.1","NC_035786.1","Gnomon","CDS","3265045","3265098",".","-","0","cds40383","rna44657","uncharacterized protein LOC111102627","F:GO:0003674","","","GO:0005515"
"LOC111104684",5,"XP_022294465.1","NC_035786.1","Gnomon","CDS","9248437","9248497",".","+","0","cds40855","rna45180","mucin-17-like isoform X1","","","",""
"LOC111104058",89,"XP_022293479.1","NC_035786.1","Gnomon","CDS","14668490","14668563",".","+","0","cds41245","rna45626","ribosomal biogenesis protein LAS1L-like","","","",""
"LOC111104834",72,"XP_022294690.1","NC_035786.1","Gnomon","CDS","15557852","15557890",".","+","2","cds41300","rna45692","uncharacterized protein LOC111104834 isoform X1","F:GO:0003674","","","GO:0005515"
"LOC111104121",NA,"XP_022293603.1","NC_035786.1","Gnomon","CDS","16891507","16891570",".","+","0","cds41409","rna45834","uncharacterized protein LOC111104121","","","",""
"LOC111104782",NA,"XP_022294614.1","NC_035786.1","Gnomon","CDS","19621345","19621579",".","+","2","cds41593","rna46044","caspase-8-like","GO:0008219;GO:0008233","EC:3.4.22","Acting on peptide bonds (peptidases)","GO:0004197;GO:0005515;GO:0006508;GO:0042981"
"LOC111103710",NA,"XP_022292860.1","NC_035786.1","Gnomon","CDS","28250489","28250759",".","-","0","cds42175","rna46739","melatonin receptor type 1B-A-like","F:GO:0003674; C:GO:0005575; P:GO:0007165","","","GO:0007187;GO:0008502;GO:0016021"
"LOC111104136",NA,"XP_022293635.1","NC_035786.1","Gnomon","CDS","37351272","37351352",".","-","0","cds42941","rna47585","malonyl-CoA decarboxylase%2C mitochondrial-like isoform X1","GO:0006520;GO:0006629;GO:0009058;GO:0016829","EC:4.1.1.9","Malonyl-CoA decarboxylase","GO:0006633;GO:0019482;GO:0050080"
"LOC111103611",1,"XP_022292709.1","NC_035786.1","Gnomon","CDS","39936168","39936362",".","+","0","cds43162","rna47822","G1/S-specific cyclin-D2-like","C:GO:0005634","","","GO:0005634"
"LOC111102612",17,"XP_022291138.1","NC_035786.1","Gnomon","CDS","40312858","40312955",".","-","0","cds43193","rna47855","alpha-mannosidase 2C1-like","GO:0005975;GO:0016798;GO:0044281","EC:3.2.1.24","Alpha-mannosidase","GO:0004559;GO:0006013;GO:0030246"
"LOC111100559",34,"XP_022288267.1","NC_035780.1","Gnomon","CDS","47089147","47090099",".","-","0","cds4299","rna4738","uncharacterized protein LOC111100559","F:GO:0003674","","","GO:0003676;GO:0005515"
"LOC111104008",41,"XP_022293403.1","NC_035786.1","Gnomon","CDS","47967588","47967831",".","-","0","cds43960","rna48669","EF-hand calcium-binding domain-containing protein 6-like isoform X1","F:GO:0043167","","","GO:0005509"
"LOC111104297",NA,"XP_022293871.1","NC_035786.1","Gnomon","CDS","52474404","52474802",".","+","0","cds44350","rna49105","2'-5'-oligoadenylate synthase 1A-like","P:GO:0002376; F:GO:0003723; P:GO:0006950; F:GO:0016779; F:GO:0043167","","","GO:0003725;GO:0005524;GO:0006955;GO:0016779;GO:0051607"
"LOC111104303",NA,"XP_022293879.1","NC_035786.1","Gnomon","CDS","52496740","52496925",".","+","0","cds44352","rna49107","2'-5'-oligoadenylate synthase 1A-like","P:GO:0002376; F:GO:0003723; P:GO:0006950; F:GO:0016779; F:GO:0043167","","","GO:0003725;GO:0005524;GO:0006955;GO:0016779;GO:0051607"
"LOC111104046",NA,"XP_022293459.1","NC_035786.1","Gnomon","CDS","54175858","54176050",".","-","0","cds44514","rna49278","uncharacterized protein LOC111104046","F:GO:0003674","","","GO:0005515"
"LOC111103347",NA,"XP_022292250.1","NC_035786.1","Gnomon","CDS","56693980","56694034",".","-","1","cds44665","rna49450","uncharacterized protein LOC111103347 isoform X1","F:GO:0043167","","","GO:0005515;GO:0005525;GO:0008270"
"LOC111106022",152,"XP_022296236.1","NC_035787.1","Gnomon","CDS","13931566","13931630",".","+","0","cds45911","rna50814","LOW QUALITY PROTEIN: plexin-B1-like","F:GO:0003674; P:GO:0007165","","","GO:0017154;GO:0071526"
"LOC111106118",NA,"XP_022296358.1","NC_035787.1","Gnomon","CDS","17028456","17030084",".","-","0","cds46206","rna51133","tripartite motif-containing protein 2-like","F:GO:0043167","","","GO:0008270"
"LOC111106048",NA,"XP_022296278.1","NC_035787.1","Gnomon","CDS","20963759","20963909",".","-","0","cds46581","rna51555","ubiquitin-like modifier-activating enzyme ATG7","C:GO:0005737; P:GO:0006914; F:GO:0016874","","","GO:0005737;GO:0006914;GO:0008641"
"LOC111108413",NA,"XP_022299986.1","NC_035787.1","Gnomon","CDS","22863595","22863752",".","-","0","cds46784","rna51799","eukaryotic translation initiation factor 4E type 3-like","C:GO:0005840; F:GO:0008135","","","GO:0003743;GO:0005840;GO:0006446"
"LOC111108107",5,"XP_022299384.1","NC_035787.1","Gnomon","CDS","23055370","23055506",".","-","0","cds46801","rna51825","28S ribosomal protein S25%2C mitochondrial-like","F:GO:0003735; C:GO:0005739; C:GO:0005840; P:GO:0042254","","","GO:0003735;GO:0005739;GO:0005840;GO:0042254"
"LOC111108723",NA,"XP_022300471.1","NC_035787.1","Gnomon","CDS","27947731","27947815",".","-","0","cds47157","rna52246","uncharacterized protein LOC111108723","","","",""
"LOC111105839",NA,"XP_022295975.1","NC_035787.1","Gnomon","CDS","28164859","28165056",".","-","0","cds47174","rna52264","uncharacterized protein LOC111105839","","","",""
"LOC111107299",NA,NA,NA,NA,NA,NA,NA,NA,NA,NA,NA,NA,NA,NA,NA,NA,NA
"LOC111137259",1,"XP_022344360.1","NC_035780.1","Gnomon","CDS","51795389","51795526",".","-","0","cds4682","rna5179","phosphatidylcholine transfer protein-like","F:GO:0008289","","","GO:0008289"
"LOC111107486",NA,"XP_022298412.1","NC_035787.1","Gnomon","CDS","33244542","33245245",".","+","2","cds47644","rna52767","uncharacterized protein LOC111107486 isoform X1","","","",""
"LOC111108433",74,"XP_022300022.1","NC_035787.1","Gnomon","CDS","36090700","36091043",".","+","0","cds47901","rna53041","alpha-L-fucosidase-like isoform X1","GO:0005975;GO:0016798;GO:0044281","EC:3.2.1.51","Alpha-L-fucosidase","GO:0004560;GO:0006004"
"LOC111107555",NA,"XP_022298520.1","NC_035787.1","Gnomon","CDS","47749900","47752713",".","-","0","cds48946","rna54213","uncharacterized protein LOC111107555 isoform X1","GO:0005622;GO:0016779;GO:0032991;GO:0034641;GO:0044281","EC:2.7.7.48","RNA-directed RNA polymerase","GO:0003968;GO:0006144;GO:0031379"
"LOC111107200",NA,"XP_022297964.1","NC_035787.1","Gnomon","CDS","51067407","51067517",".","-","1","cds49234","rna54529","serine/threonine-protein kinase TBK1-like isoform X1","P:GO:0006464; F:GO:0016301; F:GO:0043167","","","GO:0004672;GO:0005524;GO:0006468"
"LOC111108300",NA,"XP_022299790.1","NC_035787.1","Gnomon","CDS","58920807","58920888",".","-","0","cds49994","rna55368","uncharacterized protein LOC111108300","","","",""
"LOC111106928",12,"XP_022297518.1","NC_035787.1","Gnomon","CDS","59890001","59890347",".","-","0","cds50101","rna55481","plasma alpha-L-fucosidase-like","GO:0005975;GO:0016798;GO:0044281","EC:3.2.1.51","Alpha-L-fucosidase","GO:0004560;GO:0006004"
"LOC111108747",36,"XP_022300513.1","NC_035787.1","Gnomon","CDS","61192196","61192307",".","+","0","cds50188","rna55577","LOW QUALITY PROTEIN: nucleolar protein 8-like","","","",""
"LOC111108486",NA,"XP_022300119.1","NC_035787.1","Gnomon","CDS","67749408","67749514",".","-","2","cds50755","rna56228","uncharacterized protein LOC111108486","","","",""
"LOC111106421",2,"XP_022296800.1","NC_035787.1","Gnomon","CDS","69197336","69197702",".","-","0","cds50854","rna56335","uncharacterized protein LOC111106421 isoform X1","","","",""
"LOC111107135",19,"XP_022297839.1","NC_035787.1","Gnomon","CDS","69893528","69893611",".","-","0","cds50927","rna56412","cortactin-binding protein 2-like isoform X1","GO:0016887;GO:0043167","EC:3.6.1.3; EC:3.6.1.15","Adenosinetriphosphatase; Nucleoside-triphosphate phosphatase","GO:0005515;GO:0005524;GO:0016887"
"LOC111108146",NA,NA,NA,NA,NA,NA,NA,NA,NA,NA,NA,NA,NA,NA,NA,NA,NA
"LOC111109861",4,"XP_022301820.1","NC_035787.1","Gnomon","CDS","70940823","70940884",".","-","0","cds50989","rna56481","EEF1A lysine methyltransferase 2-like","F:GO:0008168","","","GO:0008168"
"LOC111109862",3,"XP_022301821.1","NC_035787.1","Gnomon","CDS","70943273","70943491",".","+","0","cds50990","rna56482","ras-related protein rab7","GO:0003924;GO:0043167","EC:3.6.1.15","Nucleoside-triphosphate phosphatase","GO:0003924;GO:0005525"
"LOC111108313",21,"XP_022299813.1","NC_035787.1","Gnomon","CDS","72442752","72442848",".","+","2","cds51093","rna56597","inner nuclear membrane protein Man1-like","F:GO:0003674; C:GO:0005635; P:GO:0007165; P:GO:0048646","","","GO:0001525;GO:0003676;GO:0005637;GO:0006997;GO:1902531"
"LOC111134474",21,"XP_022339230.1","NC_035780.1","Gnomon","CDS","56147333","56147399",".","+","0","cds5114","rna5676","elongation of very long chain fatty acids protein 4-like isoform X1","C:GO:0005575","","","GO:0016021"
"LOC111111074",NA,"XP_022303544.1","NC_035788.1","Gnomon","CDS","20071467","20071508",".","-","0","cds52694","rna58429","uncharacterized protein LOC111111074","","","",""
"LOC111111945",NA,"XP_022304865.1","NC_035788.1","Gnomon","CDS","31264047","31264098",".","+","0","cds53389","rna59241","receptor-type tyrosine-protein phosphatase alpha-like","GO:0005575;GO:0006464;GO:0006520;GO:0016791","EC:3.1.3.16; EC:3.1.3.48","Protein-serine/threonine phosphatase; Protein-tyrosine-phosphatase","GO:0004725;GO:0006470;GO:0006570;GO:0007154;GO:0016020"
"LOC111112396",NA,"XP_022305568.1","NC_035788.1","Gnomon","CDS","35784519","35784650",".","-","2","cds53670","rna59590","uncharacterized protein LOC111112396 isoform X1","GO:0006464;GO:0006520;GO:0016791","EC:3.1.3.16; EC:3.1.3.48","Protein-serine/threonine phosphatase; Protein-tyrosine-phosphatase","GO:0004725;GO:0006470;GO:0006570"
"LOC111113861",10,"XP_022307860.1","NC_035788.1","Gnomon","CDS","43070450","43070892",".","+","0","cds54121","rna60124","zinc finger protein 62-like","F:GO:0003674","","","GO:0003676"
"LOC111111034",5,"XP_022303481.1","NC_035788.1","Gnomon","CDS","43324308","43324315",".","-","0","cds54140","rna60145","interleukin enhancer-binding factor 2-like","P:GO:0002376; F:GO:0003723; F:GO:0043167","","","GO:0003723;GO:0005524;GO:0006955;GO:0016740"
"LOC111112881",34,"XP_022306448.1","NC_035788.1","Gnomon","CDS","52247629","52247679",".","-","0","cds54683","rna60794","LOW QUALITY PROTEIN: BTB/POZ domain-containing protein 6-B-like","F:GO:0003674","","","GO:0005515"
"LOC111115247",215,"XP_022309617.1","NC_035788.1","Gnomon","CDS","56155830","56155945",".","-","0","cds54941","rna61099","probable 28S rRNA (cytosine-C(5))-methyltransferase","F:GO:0008168","","","GO:0008168"
"LOC111114675",17,"XP_022308800.1","NC_035788.1","Gnomon","CDS","56550163","56550228",".","+","0","cds54977","rna61135","CDGSH iron-sulfur domain-containing protein 3%2C mitochondrial-like","F:GO:0003674; C:GO:0005622; C:GO:0043226","","","GO:0043231;GO:0051537"
"LOC111110739",NA,"XP_022303042.1","NC_035788.1","Gnomon","CDS","56959347","56960318",".","+","0","cds55005","rna61163","neuropeptide SIFamide receptor-like isoform X1","F:GO:0003674; C:GO:0005575; P:GO:0007165","","","GO:0007187;GO:0008502;GO:0016021"
"LOC111114576",42,"XP_022308647.1","NC_035788.1","Gnomon","CDS","57230527","57230742",".","-","0","cds55037","rna61198","F-box/LRR-repeat protein 4-like","F:GO:0003674","","","GO:0005515"
"LOC111116135",NA,"XP_022310844.1","NC_035788.1","Gnomon","CDS","57747594","57747737",".","-","2","cds55079","rna61245","cell death abnormality protein 1-like","","","",""
"LOC111115735",NA,"XP_022310280.1","NC_035788.1","Gnomon","CDS","57944900","57944928",".","+","0","cds55097","rna61268","uncharacterized protein LOC111115735","","","",""
"LOC111113350",2,"XP_022307262.1","NC_035788.1","Gnomon","CDS","59538135","59538213",".","+","0","cds55211","rna61412","uncharacterized protein LOC111113350","","","",""
"LOC111114025",NA,"XP_022308022.1","NC_035788.1","Gnomon","CDS","61205009","61205021",".","+","0","cds55304","rna61517","alpha-(1%2C3)-fucosyltransferase fut-1-like","C:GO:0005575; P:GO:0006464; P:GO:0009058; F:GO:0016757","","","GO:0006486;GO:0008417;GO:0016020"
"LOC111111264",10,"XP_022303840.1","NC_035788.1","Gnomon","CDS","62202979","62203050",".","-","0","cds55378","rna61602","uncharacterized protein LOC111111264","","","",""
"LOC111114696",23,"XP_022308830.1","NC_035788.1","Gnomon","CDS","65570874","65570882",".","+","0","cds55638","rna61887","transmembrane protein 177-like","","","",""
"LOC111118009",1,"XP_022312987.1","NC_035780.1","Gnomon","CDS","60310533","60310565",".","+","0","cds5542","rna6143","ankyrin repeat domain-containing protein 49-like","F:GO:0003674","","","GO:0005515"
"LOC111113336",NA,"XP_022307241.1","NC_035788.1","Gnomon","CDS","67465675","67466637",".","+","0","cds55765","rna62023","growth hormone secretagogue receptor type 1-like","F:GO:0003674; C:GO:0005575; P:GO:0007165","","","GO:0004930;GO:0007186;GO:0016021"
"LOC111111195",6,"XP_022303730.1","NC_035788.1","Gnomon","CDS","69139992","69140069",".","-","2","cds55907","rna62174","ELL-associated factor 1-like","C:GO:0005654; P:GO:0009058; C:GO:0032991; P:GO:0034641","","","GO:0006355;GO:0032783"
"LOC111112758",NA,"XP_022306232.1","NC_035780.1","Gnomon","CDS","60917792","60917908",".","-","0","cds5582","rna6198","LOW QUALITY PROTEIN: uncharacterized protein LOC111112758","F:GO:0016491","","","GO:0016491;GO:0055114"
"LOC111114928",NA,"XP_022309182.1","NC_035788.1","Gnomon","CDS","80301668","80301776",".","+","0","cds56723","rna63113","calcitonin gene-related peptide type 1 receptor-like isoform X1","F:GO:0003674; C:GO:0005575; P:GO:0007165","","","GO:0004930;GO:0007166;GO:0007186;GO:0016021"
"LOC111114904",26,"XP_022309156.1","NC_035788.1","Gnomon","CDS","80474513","80476261",".","-","0","cds56733","rna63123","E3 ubiquitin-protein ligase TRIM71-like","F:GO:0043167","","","GO:0008270"
"LOC111114923",NA,"XP_022309178.1","NC_035788.1","Gnomon","CDS","80603699","80605273",".","+","0","cds56749","rna63145","uncharacterized protein LOC111114923","F:GO:0043167","","","GO:0008270"
"LOC111114925",NA,"XP_022309180.1","NC_035788.1","Gnomon","CDS","80617908","80617957",".","+","0","cds56750","rna63149","uncharacterized protein LOC111114925","F:GO:0043167","","","GO:0008270"
"LOC111114911",20,"XP_022309164.1","NC_035788.1","Gnomon","CDS","80740679","80742409",".","+","0","cds56756","rna63156","E3 ubiquitin-protein ligase TRIM71-like","F:GO:0043167","","","GO:0008270"
"LOC111111432",3,"XP_022304127.1","NC_035788.1","Gnomon","CDS","87585450","87585632",".","-","0","cds57234","rna63698","nostrin-like isoform X1","F:GO:0003674","","","GO:0005515"
"LOC111111701",NA,"XP_022304535.1","NC_035788.1","Gnomon","CDS","89795511","89795849",".","+","0","cds57440","rna63918","uncharacterized protein LOC111111701 isoform X1","GO:0004518;GO:0006259;GO:0006950;GO:0016757","EC:2.4.2.30","NAD(+) ADP-ribosyltransferase","GO:0003906;GO:0003950;GO:0006284;GO:0006302;GO:0008408"
"LOC111130952",38,"XP_022333962.1","NC_035780.1","Gnomon","CDS","62747631","62747691",".","+","0","cds5726","rna6357","uncharacterized protein LOC111130952","","","",""
"LOC111125420",8,"XP_022324955.1","NC_035780.1","Gnomon","CDS","63054038","63054251",".","+","1","cds5760","rna6392","LOW QUALITY PROTEIN: jmjC domain-containing protein 7-like","","","",""
"LOC111112727",NA,NA,NA,NA,NA,NA,NA,NA,NA,NA,NA,NA,NA,NA,NA,NA,NA
"LOC111112077",NA,"XP_022305084.1","NC_035788.1","Gnomon","CDS","103717402","103717452",".","-","0","cds58378","rna65000","uncharacterized protein LOC111112077","","","",""
"LOC111116782",NA,"XP_022311492.1","NC_035789.1","Gnomon","CDS","26524","26528",".","+","0","cds58413","rna65044","uncharacterized protein LOC111116782","","","",""
"LOC111117740",45,"XP_022312651.1","NC_035789.1","Gnomon","CDS","1816916","1816981",".","-","0","cds58553","rna65200","uncharacterized protein LOC111117740 isoform X1","F:GO:0043167","","","GO:0008270"
"LOC111117608",30,"XP_022312468.1","NC_035789.1","Gnomon","CDS","6787576","6787794",".","-","0","cds58843","rna65569","peroxisomal membrane protein 11C-like","C:GO:0005777; P:GO:0008150","","","GO:0005779;GO:0016559"
"LOC111117549",NA,NA,NA,NA,NA,NA,NA,NA,NA,NA,NA,NA,NA,NA,NA,NA,NA
"LOC111118487",12,"XP_022313700.1","NC_035780.1","Gnomon","CDS","64563443","64563518",".","+","0","cds5933","rna6573","uncharacterized protein LOC111118487","F:GO:0016491; F:GO:0043167","","","GO:0005506;GO:0016705;GO:0031418;GO:0055114"
"LOC111117153",NA,"XP_022311941.1","NC_035789.1","Gnomon","CDS","26966994","26967032",".","+","0","cds59892","rna66820","uncharacterized protein LOC111117153 isoform X1","","","",""
"LOC111118749",NA,"XP_022314067.1","NC_035781.1","Gnomon","CDS","453280","453765",".","-","0","cds6044","rna6701","uncharacterized protein LOC111118749","","","",""
"LOC111121764",NA,"XP_022318903.1","NC_035781.1","Gnomon","CDS","2202523","2202625",".","-","0","cds6291","rna6956","uncharacterized protein C16orf52 homolog","","","",""
"LOC111118651",22,"XP_022313916.1","NC_035781.1","Gnomon","CDS","3232965","3233050",".","+","0","cds6409","rna7076","TD and POZ domain-containing protein 1-like","F:GO:0003674","","","GO:0005515"
"LOC111130870",15,"XP_022333842.1","NC_035780.1","Gnomon","CDS","7532793","7532964",".","-","0","cds651","rna703","LOW QUALITY PROTEIN: probable ATP-dependent RNA helicase DHX58","F:GO:0003677; F:GO:0043167","","","GO:0003677;GO:0005524;GO:0016787"
"LOC111110900",3,"XP_022303274.1","NC_035780.1","Gnomon","CDS","7547788","7547972",".","+","2","cds654","rna706","tRNA (guanine-N(7)-)-methyltransferase-like","GO:0006399;GO:0008168","EC:2.1.1.33","tRNA (guanine(46)-N(7))-methyltransferase","GO:0006400;GO:0008176"
"LOC111120877",NA,"XP_022317601.1","NC_035781.1","Gnomon","CDS","9376277","9377314",".","+","0","cds7078","rna7784","MAP kinase kinase kinase win1-like","P:GO:0006464; F:GO:0016301; F:GO:0043167","","","GO:0004672;GO:0005524;GO:0006468"
"LOC111120621",NA,"XP_022317181.1","NC_035781.1","Gnomon","CDS","11027064","11028407",".","-","0","cds7308","rna8018","uncharacterized protein LOC111120621","","","",""
"LOC111100957",31,"XP_022288848.1","NC_035780.1","Gnomon","CDS","8189970","8190023",".","+","0","cds716","rna776","cyclic AMP-dependent transcription factor ATF-7-like","F:GO:0003677; F:GO:0003700; C:GO:0005634; P:GO:0009058; C:GO:0032991; P:GO:0034641","","","GO:0003677;GO:0003700;GO:0005634;GO:0005667;GO:0006355;GO:0006357"
"LOC111118765",NA,"XP_022314086.1","NC_035781.1","Gnomon","CDS","12720611","12720982",".","-","0","cds7522","rna8242","histone H2B","F:GO:0003677; C:GO:0005694; C:GO:0032991","","","GO:0000786;GO:0003677;GO:0046982"
"LOC111121228",NA,"XP_022318107.1","NC_035781.1","Gnomon","CDS","16324399","16324486",".","-","0","cds7922","rna8662","mediator of RNA polymerase II transcription subunit 12-like","","","",""
"LOC111119172",29,"XP_022314757.1","NC_035781.1","Gnomon","CDS","20146726","20146803",".","-","0","cds8315","rna9084","LOW QUALITY PROTEIN: sodium/hydrogen exchanger 9B2-like","C:GO:0005575; F:GO:0022857; P:GO:0042592","","","GO:0006812;GO:0006885;GO:0015299;GO:0016021;GO:0055085"
"LOC111118128",NA,"XP_022313152.1","NC_035781.1","Gnomon","CDS","20792320","20792342",".","+","0","cds8371","rna9144","uncharacterized protein LOC111118128","","","",""
"LOC111119607",1,"XP_022315654.1","NC_035781.1","Gnomon","CDS","21423760","21424959",".","+","0","cds8409","rna9184","allatostatin-A receptor-like isoform X1","F:GO:0003674; C:GO:0005575; P:GO:0007165","","","GO:0004930;GO:0007186;GO:0016021"
"LOC111119178",NA,"XP_022314765.1","NC_035781.1","Gnomon","CDS","23372281","23372733",".","-","0","cds8550","rna9333","maltase-glucoamylase%2C intestinal-like","P:GO:0005975; F:GO:0016798","","","GO:0004553;GO:0005975;GO:0030246"
"LOC111119044",NA,"XP_022314563.1","NC_035781.1","Gnomon","CDS","23757840","23758019",".","+","0","cds8622","rna9408","alpha-crystallin A chain-like","","","",""
"LOC111119014",NA,"XP_022314501.1","NC_035781.1","Gnomon","CDS","23781569","23782021",".","-","0","cds8623","rna9409","maltase-glucoamylase%2C intestinal-like","P:GO:0005975; F:GO:0016798","","","GO:0004553;GO:0005975;GO:0030246"
"LOC111119811",10,"XP_022316019.1","NC_035781.1","Gnomon","CDS","25297494","25297611",".","-","1","cds8784","rna9587","probable E3 ubiquitin-protein ligase MGRN1 isoform X1","","","",""
"LOC111118720",NA,"XP_022314014.1","NC_035781.1","Gnomon","CDS","25452120","25452168",".","-","0","cds8805","rna9608","tyrosine-protein phosphatase non-receptor type 7-like isoform X1","GO:0006464;GO:0006520;GO:0016791","EC:3.1.3.16; EC:3.1.3.48","Protein-serine/threonine phosphatase; Protein-tyrosine-phosphatase","GO:0004725;GO:0006470;GO:0006570"
"LOC111128818",NA,"XP_022330413.1","NC_035780.1","Gnomon","CDS","9464065","9464671",".","+","1","cds882","rna948","RBPJ-interacting and tubulin-associated protein 1-like","C:GO:0005856; P:GO:0006913; P:GO:0007165; F:GO:0008092; C:GO:0032991","","","GO:0007219;GO:0015631;GO:0045298;GO:0051168"
"LOC111118956",NA,"XP_022314398.1","NC_035781.1","Gnomon","CDS","25699510","25699720",".","+","0","cds8832","rna9637","acyl-CoA desaturase-like","GO:0006629;GO:0016491","EC:1.14.19","Acting on paired donors, with incorporation or reduction of molecular oxygen. The oxygen incorporated need not be derived from O(2)","GO:0006629;GO:0016717;GO:0055114"
"LOC111118521",NA,"XP_022313747.1","NC_035781.1","Gnomon","CDS","26052287","26052605",".","-","0","cds8864","rna9669","uncharacterized protein LOC111118521","F:GO:0043167","","","GO:0008270"
"LOC111131814",23,"XP_022335242.1","NC_035780.1","Gnomon","CDS","9581211","9581313",".","+","1","cds888","rna954","semaphorin-5B-like","F:GO:0003674","","","GO:0005515"
"LOC111118438",1,"XP_022313627.1","NC_035781.1","Gnomon","CDS","26748544","26748633",".","-","0","cds8914","rna9723","LOW QUALITY PROTEIN: AP-4 complex subunit beta-1-like","F:GO:0003674; C:GO:0005737; P:GO:0016192; C:GO:0032991","","","GO:0006886;GO:0016192;GO:0030117;GO:0030276"
"LOC111119809",4,"XP_022316017.1","NC_035781.1","Gnomon","CDS","28978871","28978900",".","-","0","cds9129","rna9956","uncharacterized protein LOC111119809","GO:0008233","EC:3.4.21","Acting on peptide bonds (peptidases)","GO:0004252;GO:0006508"
"LOC111121987",NA,"XP_022319207.1","NC_035781.1","Gnomon","CDS","29286917","29287174",".","-","0","cds9162","rna9996","probable splicing factor 3B subunit 5","P:GO:0006397","","","GO:0000398"
"LOC111118954",221,NA,NA,NA,NA,NA,NA,NA,NA,NA,NA,NA,NA,NA,NA,NA,NA
"LOC111121531",5,"XP_022318557.1","NC_035781.1","Gnomon","CDS","31852512","31852594",".","+","0","cds9469","rna10323","BTB/POZ domain-containing protein 19-like","F:GO:0003674","","","GO:0005515"
"LOC111118091",NA,"XP_022313099.1","NC_035781.1","Gnomon","CDS","33426437","33426495",".","-","0","cds9590","rna10457","LOW QUALITY PROTEIN: interferon regulatory factor 1-like","P:GO:0002376; F:GO:0003677; F:GO:0003700; C:GO:0005622; P:GO:0008219; P:GO:0008283; P:GO:0009058; C:GO:0032991; P:GO:0034641","","","GO:0003700;GO:0005667;GO:0006355;GO:0006355;GO:0006915;GO:0008285;GO:0044212;GO:0050776"
"LOC111119432",NA,"XP_022315329.1","NC_035781.1","Gnomon","CDS","33992752","33993101",".","-","0","cds9682","rna10551","alpha-L-fucosidase-like","GO:0005975;GO:0016798;GO:0044281","EC:3.2.1.51","Alpha-L-fucosidase","GO:0004560;GO:0006004"
"LOC111121549",NA,"XP_022318580.1","NC_035781.1","Gnomon","CDS","36125430","36125475",".","-","0","cds9900","rna10787","helicase with zinc finger domain 2-like","F:GO:0003723; F:GO:0004518; C:GO:0005622; P:GO:0009058; C:GO:0032991","","","GO:0003723;GO:0004540;GO:0005667;GO:0030374;GO:0045893"
"LOC111121587",NA,"XP_022318637.1","NC_035781.1","Gnomon","CDS","36381169","36381288",".","+","0","cds9919","rna10808","zygote arrest protein 1-like","","","",""
"LOC111118572",NA,NA,NA,NA,NA,NA,NA,NA,NA,NA,NA,NA,NA,NA,NA,NA,NA
"LOC111120792",NA,"XP_022317470.1","NC_035781.1","Gnomon","CDS","37669552","37669854",".","-","2","cds9991","rna10897","uncharacterized protein LOC111120792","F:GO:0003674","","","GO:0005515"
"LOC111116870",1,"XP_022311618.1","NC_035780.1","Gnomon","CDS","10744632","10744638",".","-","0","cds1027","rna1112","3-hydroxyisobutyryl-CoA hydrolase%2C mitochondrial-like isoform X1","GO:0003674;GO:0006520;GO:0009056","EC:3.1.2.4","3-hydroxyisobutyryl-CoA hydrolase","GO:0003860;GO:0006550;GO:0006552;GO:0006574;GO:0019482"
"LOC111121429",1,"XP_022318424.1","NC_035781.1","Gnomon","CDS","42139530","42139539",".","-","0","cds10451","rna11402","transcriptional regulator Myc-A-like","F:GO:0003700; C:GO:0005634; P:GO:0009058; C:GO:0032991; P:GO:0034641","","","GO:0003700;GO:0005634;GO:0005667;GO:0006355;GO:0006355;GO:0046983"
"LOC111118682",NA,"XP_022313959.1","NC_035781.1","Gnomon","CDS","42575817","42575875",".","-","0","cds10489","rna11444","40S ribosomal protein S12-like","C:GO:0005634; P:GO:0007049","","","GO:0005634;GO:0051726"
"LOC111120836",2,"XP_022317536.1","NC_035781.1","Gnomon","CDS","46888252","46888404",".","+","0","cds10855","rna11846","golgin subfamily A member 6-like protein 22","","","",""
"LOC111121788",NA,"XP_022318926.1","NC_035781.1","Gnomon","CDS","49267048","49267519",".","-","0","cds11171","rna12177","LOW QUALITY PROTEIN: elongation of very long chain fatty acids protein 6-like","C:GO:0005575","","","GO:0016021"
"LOC111117950",13,"XP_022312898.1","NC_035781.1","Gnomon","CDS","49583485","49583571",".","+","0","cds11227","rna12240","uncharacterized protein LOC111117950 isoform X1","","","",""
"LOC111118622",NA,"XP_022313884.1","NC_035781.1","Gnomon","CDS","50170097","50170403",".","-","0","cds11295","rna12315","uncharacterized protein LOC111118622","","","",""
"LOC111118459",2,"XP_022313660.1","NC_035781.1","Gnomon","CDS","51805803","51805895",".","+","0","cds11469","rna12500","LOW QUALITY PROTEIN: ADP-ribosylation factor-related protein 1-like","F:GO:0043167","","","GO:0005525"
"LOC111119099",NA,"XP_022314636.1","NC_035781.1","Gnomon","CDS","52493497","52493527",".","+","0","cds11500","rna12544","uncharacterized protein LOC111119099","","","",""
"LOC111121656",NA,"XP_022318728.1","NC_035781.1","Gnomon","CDS","53124610","53125305",".","+","0","cds11586","rna12648","ras-related protein Rap-1b-like","GO:0003924;GO:0005575;GO:0007165;GO:0043167","EC:3.6.1.15","Nucleoside-triphosphate phosphatase","GO:0003924;GO:0005525;GO:0007165;GO:0016020"
"LOC111118265",NA,NA,NA,NA,NA,NA,NA,NA,NA,NA,NA,NA,NA,NA,NA,NA,NA
"LOC111120798",NA,"XP_022317481.1","NC_035781.1","Gnomon","CDS","61337745","61337843",".","-","0","cds12429","rna13552","protein patched homolog 1-like","F:GO:0003674; C:GO:0005575; P:GO:0007165","","","GO:0007165;GO:0008158;GO:0016021"
"LOC111127670",NA,"XP_022328658.1","NC_035782.1","Gnomon","CDS","5716197","5717841",".","+","0","cds12911","rna14073","LOW QUALITY PROTEIN: uncharacterized protein LOC111127670","F:GO:0043167","","","GO:0008270"
"LOC111123002",NA,"XP_022320786.1","NC_035782.1","Gnomon","CDS","6624595","6624661",".","+","0","cds12983","rna14149","uncharacterized protein LOC111123002 isoform X1","","","",""
"LOC111125545",NA,"XP_022325182.1","NC_035782.1","Gnomon","CDS","10098267","10098546",".","-","0","cds13284","rna14490","uncharacterized protein LOC111125545 isoform X1","","","",""
"LOC111125880",NA,"XP_022325797.1","NC_035782.1","Gnomon","CDS","14815887","14816563",".","-","0","cds13641","rna14885","kinesin-like protein KIF14 isoform X1","GO:0005856;GO:0008092;GO:0008150;GO:0032991;GO:0043167","EC:3.6.1.15","Nucleoside-triphosphate phosphatase","GO:0003777;GO:0005524;GO:0005874;GO:0007018;GO:0008017;GO:0045298"
"LOC111127594",NA,"XP_022328544.1","NC_035782.1","Gnomon","CDS","17822382","17822428",".","-","0","cds14036","rna15307","uncharacterized protein LOC111127594 isoform X1","","","",""
"LOC111123116",NA,"XP_022320937.1","NC_035782.1","Gnomon","CDS","18816666","18817182",".","+","1","cds14148","rna15428","uncharacterized protein LOC111123116","","","",""
"LOC111123635",NA,"XP_022321802.1","NC_035782.1","Gnomon","CDS","26305049","26305127",".","+","0","cds14807","rna16139","uncharacterized protein LOC111123635","","","",""
"LOC111123123",13,"XP_022320948.1","NC_035782.1","Gnomon","CDS","32825481","32825532",".","+","0","cds15516","rna16896","Sjoegren syndrome nuclear autoantigen 1-like","","","",""
